File Path,Keywords
data10_10.jpg,"女人,近摄,蓝色,室内,长发,侧脸,蓝色服装,黑色背景,性感,宁静"
data10_100.jpg,"女人,儿童,古装,粉色,指着嘴巴,中式服装,夜晚,南瓜灯,鱼灯笼,近摄"
data10_101.jpg,"女人,青年,乡村,森林,黄昏,宁静,立,侧脸,拿着篮子,绿色,黄色,蓝色,近摄,树木,绳子,花朵"
data10_108.jpg,"女人,青年人,坐,阅读,书,近摄,户外,森林,河流,树木,树根,绿色,宁静,灰色,黑白袜子,校服,休闲"
data10_109.jpg,"女人,坐,树,建筑物,红砖房,夕阳,秋天,近摄,复古,红色连衣裙,白色鞋子,头巾,阅读,公园,宁静,户外"
data10_11.jpg,"女人,近摄,酒吧,室内,晚上,黑色连衣裙,灯光昏暗,温暖色调,微笑,立姿,侧身,长发,项链,肤色偏白,性感"
data10_110.jpg,"女人,红色,秋天,森林,坐,长裙,树木,远场,宁静,红色树叶,粉色椅子"
data10_111.jpg,"森林,女人,儿童,祈祷,坐,白衣,大象,烟雾,宁静,近摄,亚洲象"
data10_112.jpg,"女人,中国风,古装,红色,蓝色,绿色,坐,近摄,户外,晴天,山水画,油纸伞,手持扇子,古代服饰,发饰,古典美女,优雅,宁静"
data10_113.jpg,"女人,汉服,古装,湖边,水边,户外,近摄,浅色,白色,紫色,晴天,宁静,优雅,低头,饰品,发饰,珍珠项链,油纸伞"
data10_114.jpg,"女人,古装,旗袍,白色,红色,撑伞,古城墙,户外,远场,宁静,中国风,长裙,站立"
data10_115.jpg,"女人,中年,紫色服装,撑伞,立姿,户外,花园,荷花,夏天,晴天,近摄,淡紫色,宁静,优雅"
data10_116.jpg,"女人,古装,近摄,秋天,户外,树叶,撑伞,淡妆,红色,黄色,宁静,温柔"
data10_117.jpg,"女人,秋天,森林,古装,伞,近摄,立,侧脸,平静,绿色,黄色,树木"
data10_118.jpg,"女人,森林,秋天,近摄,立,侧脸,穿着古装,拿着植物,宁静,暗色调,草,帽子"
data10_119.jpg,"女人,汉服,红色,绿色,扇子,古代服饰,近摄,户外,晴天,湖边,中国风,传统服饰"
data10_12.jpg,"女人,婚纱,白色,近摄,室内,侧脸,女人,立姿,蕾丝,轻纱"
data10_120.jpg,"女人,室内,近摄,古装,红色,绿色,橙色,彩色,花朵,中式服装,立姿,优雅,精致,灯光,华丽"
data10_121.jpg,"女人,古装,淡雅,绿色,白色,轻纱,长裙,扇子,中国风,古典,优雅,近摄,庭院,建筑物,户外,晴天"
data10_122.jpg,"女人,复古服装,旗袍,绿色,花纹,坐,侧身,手持扇子,手提箱,石墙,户外,古建筑,近摄,秋天,黄昏,宁静,优雅"
data10_123.jpg,"女人,坐,旗袍,黄金,白色,夜晚,城市,户外,近摄,毛皮,长腿,性感,砖墙,长袜,高跟鞋,复古"
data10_124.jpg,"女人,旗袍,坐,侧脸,近摄,中国风,复古,花园,户外,彩色,珍珠项链,手提包,石栏杆,长腿,夏天,优雅,宁静"
data10_125.jpg,"女人,室内,近摄,红色,中式服装,旗袍,坐姿,手持乐器,古典,宁静,黑暗背景,木质家具,油灯"
data10_126.jpg,"女人,酒吧,室内,坐,侧脸,中年,酒杯,皮裙,毛衣,近摄,暖色调,酒架,灯光,黑色,棕色"
data10_127.jpg,"女人,青色,花朵图案,旗袍,室内,近摄,侧脸,坐,优雅,宁静,复古,灯光,布料"
data10_128.jpg,"女人,中年,旗袍,花朵图案,珍珠项链,手持扇子,室内,近摄,闭眼,侧脸,优雅,宁静,彩色,砖墙,光线,复古,中国风"
data10_129.jpg,"女人,旗袍,扇子,中式服装,近摄,户外,橙色,立,侧脸,晴天,亚洲人,优雅,写意,背景布"
data10_13.jpg,"女人,长发,侧脸,近摄,都市,银色长裙,性感,户外,白天,拿着一个圆柱形物体"
data10_130.jpg,"秋天,森林,女人,坐,抬头,肤色偏白,近摄,黄叶,毛衣,围巾"
data10_131.jpg,"女人,红色,毛衣,冬季,户外,草地,近摄,拿着,植物,白色外套,低头,宁静"
data10_132.jpg,"女人,秋天,户外,森林,近摄,长发,帽子,浅色外套,侧脸,宁静"
data10_133.jpg,"女人,夜晚,城市,街道,灯光,近摄,手持花束,花,黑色外套,长发,微笑,中等肤色"
data10_134.jpg,"女人,黑色,近摄,特写,室内,黑色服装,吊带衫,侧脸,立姿,饰品,手镯,耳环,亚洲人,优雅,宁静"
data10_135.jpg,"女人,白色,近摄,特写,白色连衣裙,黑色背景,微笑,侧脸,头发挽起,室内,灯光,优雅,快乐"
data10_136.jpg,"女人,年轻人,近摄,户外,绿色,植物,夏季,白天,晴天,立姿,侧脸,白色上衣,印花裙子,树木,草地,平静,自然光"
data10_137.jpg,"秋天,女人,近摄,树木,树叶,红色,格纹,帽子,立,可爱,户外,森林,晴天"
data10_138.jpg,"女人,骑马,乡村,户外,晴天,坐,长发,帽子,连衣裙,棕色,马,近摄,快乐,优雅,浪漫"
data10_139.jpg,"女人,近摄,立,侧脸,黑色服装,花纹,手持扇子,户外,园林,建筑物,阳光,夏天,晴天,优雅,宁静"
data10_14.jpg,"女人,战士,盔甲,长发,近摄,冷色调,严肃,古装,刀剑,户外,晴天,沙漠,远场背景"
data10_140.jpg,"女人,黑色长裙,黑色帽子,草地,秋天,夕阳,站立,侧脸,草,远场,宁静,优雅"
data10_141.jpg,"秋天,女人,青年,闭眼,立,穿着黑色西装,黑色长发,拿着树叶,黄色树叶,银杏树,街道,城市,近摄,宁静,黄色,户外"
data10_142.jpg,"女人,短发,侧脸,近摄,浅色风衣,手表,红色和黄色玫瑰,墙壁,邮筒,城市,晴天"
data10_143.jpg,"女人,成人,近摄,户外,白天,晴天,冬季,立,侧脸,白色外套,黑色帽子,围栏,建筑物"
data10_144.jpg,"女人,秋天,户外,近摄,草地,长发,披肩,米色,温柔,平静,女性,自然,植物"
data10_145.jpg,"男人,青年,海边,夜晚,黑暗,灯光,近摄,短发,白色T恤,围巾,黑色裤子,笑容,摆姿势,整理头发"
data10_146.jpg,"女人,成年人,近摄,特写,坐,侧脸,沉思,白色外套,咖啡馆,咖啡,相机,室内,晴天,浅色肤色,灰色杯子,桌子"
data10_147.jpg,"女人,近摄,室内,黑色,低胸,披肩,长发,侧脸,性感,暗色调,建筑物,墙壁"
data10_148.jpg,"女人,年轻人,抬头,侧脸,近摄,白色围巾,黑色外套,树木,树叶,户外,宁静,秋天,白天,城市,建筑物"
data10_149.jpg,"女人,城市,白天,晴天,近摄,立,侧脸,白色衬衫,牛仔短裙,手提包,街道"
data10_15.jpg,"女人,近摄,特写,头饰,银饰,项链,白色服装,室内,亚洲人,平静,优雅,精致,化妆,珠宝,传统服饰,头纱"
data10_150.jpg,"女人,年轻人,城市,白天,晴天,近摄,中景,行走,低头,黑色外套,条纹衬衫,领带,长发,肤色偏白,宁静"
data10_151.jpg,"女人,秋天,户外,远场,侧脸,高领毛衣,紫色,草地,宁静,思考,短发"
data10_152.jpg,"女人,青年人,红发,侧脸,立,穿着校服,格子裙,背包,灰色外套,户外,晴天,近摄,建筑物,白色隔断"
data10_153.jpg,"女人,中年,灰色外套,帽子,侧脸,抬头,近摄,城市,建筑物,街道,晴天"
data10_154.jpg,"女人,秋天,森林,近摄,立,侧脸,浅色肤色,毛衣,短裙,高筒靴,帽子,围巾,树木,雾气,宁静"
data10_155.jpg,"新娘,新郎,情侣,婚纱,西装,白色,粉色,花束,玫瑰花,遮阳伞,城堡,户外,石板路,白鸽,近摄,立姿,女人,男人,浪漫,婚礼,晴天"
data10_156.jpg,"女人,秋天,户外,乡村,坐,微笑,红色,近摄,柿子,水果篮,传统服装,亚洲人"
data10_157.jpg,"女人,青年,女人,服装,古装,旗袍,中式服装,白色,粉色,蓝色,彩色,花朵,图案,刺绣,近摄,特写,坐,户外,园林,晴天,手势,扇子,微笑,可爱"
data10_158.jpg,"女人,中年,立,抬头,微笑,圆脸,肤色偏白,穿着旗袍,蓝色,彩色,花纹,近摄,手提包,户外,晴天"
data10_159.jpg,"女人,头饰,花朵,近摄,秋天,户外,晴天,黄色,黑色,红色,传统服饰,民族服装,微笑,侧脸"
data10_16.jpg,"女人,近摄,特写,红色,银色,传统服饰,头饰,首饰,微笑,快乐,中国传统文化,民族服饰"
data10_160.jpg,"女人,近摄,特写,泰国服装,金色皇冠,珠宝,黑色服装,绿色背景,森林,户外,亚洲人,女人,侧脸,站立,手势,传统服装,精致,优雅"
data10_161.jpg,"女人,京剧演员,化妆,黄色戏服,头饰,首饰,室内,近摄,特写,传统服装,中国文化,舞台服装,珠子,白色手帕"
data10_162.jpg,"女人,儿童,表演,戏服,中国戏曲,红色,蓝色,黄色,彩色,户外,公园,湖泊,白天,晴天,近摄,传统服饰,头饰,羽毛,立姿,挥手"
data10_163.jpg,"女人,红色,近摄,特写,中国戏曲服装,花朵,坐,化妆,头饰,黑色背景,舞台服装,传统服饰"
data10_164.jpg,"女人,中年,红衣,帽子,拍照,手机,城市,远场,海边,晴天,户外,近景"
data10_165.jpg,"男人,老人,近摄,特写,海边,晴天,戴眼镜,戴棒球帽,蓝色,黄色,户外,城市建筑物,正面照"
data10_166.jpg,"男人,老人,近摄,特写,帽子,肤色偏黑,皱纹,低头,侧脸,灰色,黑色背景"
data10_167.jpg,"老人,男人,近摄,特写,户外,秋天,戴帽子,侧脸,皱纹,胡须,深色外套,宁静,老年人"
data10_168.jpg,"男人,近摄,户外,阳光,黑色和白色,穿着棒球服,戴着耳机,拿着饮料,侧脸,快乐,青年"
data10_169.jpg,"女人,室内,近摄,陶瓷,白色,蓝色,工作,专注,低头,头巾,圆脸,肤色偏白"
data10_17.jpg,"女人,近摄,特写,头饰,银饰,黑白灰,服装,项链,耳环,亚洲人,传统服饰,宁静,室内,暗光,侧脸"
data10_170.jpg,"儿童,女孩,近摄,户外,蓝色外套,黑色头发,马尾辫,抬头,晴天,可爱,圆脸,肤色偏白,自然环境"
data10_171.jpg,"儿童,女孩,花朵,黄色,秋天,户外,近摄,可爱,长发,微笑,侧脸"
data10_172.jpg,"儿童,女孩,户外,草地,公园,坐,微笑,可爱,近摄,红色蝴蝶结,黑衣服,扫帚,橙色包包,秋天,晴天"
data10_173.jpg,"儿童,女人,狗,近摄,户外,白天,晴天,粉色,可爱,棕色头发,卷发"
data10_174.jpg,"海边,阴天,男人,坐,思考,肤色偏白,近摄,相机,岩石,古建筑,海,灰色"
data10_18.jpg,"女人,近摄,特写,银饰,头饰,传统服饰,首饰,项链,耳环,亚洲人,微笑,快乐,彩色,户外,白天,晴天"
data10_19.jpg,"女人,儿童,近摄,晴天,春天,户外,花田,宇宙,粉色,蓝色,白色,可爱,洛丽塔,花朵波斯菊,连衣裙,发饰,项链"
data10_20.jpg,"女人,古装,秋天,花园,菊花,观赏,近摄,亚洲,低头,淡蓝色,黄色,红色,宁静,古建筑"
data10_21.jpg,"女人,青年,古装,窗口,室内,远场,侧脸,手托下巴,思考,宁静,淡雅,扇子,花朵图案,蝴蝶发饰,中国风,灯笼,古建筑,白色服装,绿色点缀"
data10_22.jpg,"女人,古装,远场,站立,侧脸,宁静,秋天,晴天,树木,草地,山坡,竹子,灰色,户外"
data10_23.jpg,"女人,古装,站立,侧脸,宁静,雾气,秋天,树木,桥梁,水边,远场,浅色,绿色,灰色"
data10_24.jpg,"女人,秋天,森林,坐,侧脸,毛皮外套,扇子,长裙,近摄,树木,落叶,优雅,宁静"
data10_25.jpg,"女人,骆驼,坐,红色,蓝色,白色,冬天,户外,草原,近摄,传统服装,毛皮帽子"
data10_26.jpg,"女人,近摄,特写,室内,女人,坐,侧脸,性感,肤色偏白,长发,毛皮衣物,暗色背景,灯光,宁静"
data10_27.jpg,"女人,近摄,特写,室内,服装,古装,旗袍,绿色,棕色,花卉,刺绣,盘发,饰品,耳环,柿子,水果,手,手指,黑色背景,宁静,优雅,古典"
data10_28.jpg,"女人,近摄,面具,红色,蓝色,绿色,传统服饰,中国风,饰品,晴天,户外,水边,长发,侧脸"
data10_29.jpg,"女人,近摄,特写,红色,黑色,帽子,长发,编发,饰品,宗教,宁静,古建筑,户外,亚洲女性,肤色偏白,侧脸,手持法器"
data10_3.jpg,"女人,近摄,特写,室内,深色背景,红色围巾,低头,玫瑰花,暗色调,宁静,忧郁,女人,长发,圆脸,肤色偏白"
data10_30.jpg,"女人,少女,室内,近摄,站立,微笑,红色头饰,白色围巾,红色长裙,花纹,传统服饰,俄罗斯风格,浅色头发,辫子,正面,半身像,安静,优雅"
data10_31.jpg,"男人,近摄,特写,室内,面具,戏剧,表演,服装,灯光,黑暗,红色,金色,黄色,彩色,亚洲人,青年"
data10_32.jpg,"女人,古装,红色,黑色,扇子,城墙,古建筑,黄昏,夕阳,亚洲人,近摄,站立,宁静"
data10_33.jpg,"女人,红色,中式服装,头饰,坐姿,近摄,室内,灯笼,夜晚,性感,优雅,中国风"
data10_34.jpg,"女人,长发,室内,近摄,站立,侧身,穿着灰色长裙,手持花束,花朵,灰色背景,优雅,性感,肤色偏白"
data10_35.jpg,"女人,红色,黑色,乡村,近摄,立,长裙,砖墙,花朵,性感,晴天"
data10_36.jpg,"女人,红色,长裙,古镇,街道,石板路,立,侧脸,近摄,长发,优雅,宁静,秋天"
data10_37.jpg,"女人,长发,绿色长裙,白色蕾丝伞,山脉,黄昏,远场,宁静,绿色,户外,树木"
data10_38.jpg,"女人,湖边,山脉,晴天,立,侧脸,白色,绿色,宁静,远场,水,盐,沙漠"
data10_39.jpg,"女人,穆斯林,长袍,提着水罐,沙漠,山脉,户外,远场,侧脸,棕色,晴天,宁静"
data10_4.jpg,"女人,闭眼,近摄,特写,室内,暗光,宁静,平和,棕发,肤色偏白,手部动作,坐着"
data10_40.jpg,"秋天,女人,长裙,蓝色,户外,树林,金色,站立,侧脸,手持花瓶,远景,草地,优雅,宁静"
data10_41.jpg,"女人,白色,长裙,蕾丝,立姿,撑伞,户外,道路,树林,近摄,宁静,复古,优雅"
data10_42.jpg,"女人,白色,长裙,近摄,扇子,立,侧脸,黑色,建筑物,夜晚,宁静,城市"
data10_43.jpg,"女人,长发,牛仔衬衫,牛仔裤,侧身,手插口袋,近摄,户外,晴天,机车,蓝色,摩托车"
data10_44.jpg,"女人,秋天,户外,乡村,坐,牛仔裤,牛仔衬衫,长靴,摩托车,草地,棕色,近摄,侧脸"
data10_46.jpg,"女人,公园,户外,坐,侧脸,长发,白色连衣裙,帽子,夏季,晴天,近摄,宁静,草地,木质长凳"
data10_47.jpg,"女人,婚纱,坐,室内,蓝色,白色,水晶,花朵,近摄,优雅,浪漫,宁静"
data10_48.jpg,"女人,室内,近摄,红玫瑰,坐,长发,婚纱,奢华,优雅,浪漫,黄白色,红色,沙发,室内装饰,复古"
data10_49.jpg,"女人,森林,秋天,坐,侧脸,戴眼镜,棕色,近摄,手表,手镯,宁静"
data10_5.jpg,"女人,室内,近摄,黑色服装,长发,低头,双手合十,平静,优雅,白色背景,灯光,装饰品"
data10_50.jpg,"女人,室内,近摄,坐,长发,灰色衣服,深色背景,忧郁,特写,女人肖像,服装,时尚,亚洲人"
data10_51.jpg,"女人,长发,白色连衣裙,侧脸,户外,森林,秋天,近摄,宁静,树木"
data10_52.jpg,"女人,秋天,户外,乡村,中景,站立,抬头,灰色围巾,黑色长裙,黑色手套,芦苇,宁静,优雅"
data10_53.jpg,"女人,秋天,户外,森林,红色,长裙,书,落叶,侧脸,优雅,宁静,近摄,树木,黄叶"
data10_54.jpg,"秋天,森林,女人,抬头,闭眼,棕色,黄色,宁静,近摄,树叶,篮子,毛线帽,长裙,长发"
data10_55.jpg,"女人,长发,侧脸,低头,黑色上衣,灰色裙子,玉镯,草地,秋天,阳光,宁静,远场,蒲苇"
data10_56.jpg,"女人,女孩,学生,近摄,特写,海军服,帽子,拍照,微笑,户外,阳光,晴天,彩色,长发,辫子,亚洲人"
data10_58.jpg,"女人,近摄,室内,红砖墙背景,长直黑发,白色上衣,白色裤子,侧脸,妩媚,灯光,优雅"
data10_59.jpg,"女人,夜晚,城市,灯光,近摄,红玫瑰,黑衣,长发,侧脸,沉思,宁静,暗色调"
data10_6.jpg,"秋天,森林,女人,坐,侧脸,可爱,肤色偏白,近摄,落叶,毛衣,牛仔裤"
data10_60.jpg,"女人,黑白,近摄,侧脸,微笑,长发,辫子,吊带衫,镂空,户外,竖条纹背景,抬手"
data10_61.jpg,"女人,长发,浅色头发,白色服装,洛丽塔风格,近摄,站立,户外,秋天,森林,草地,平静,浅色系,头饰,蕾丝,束腰,纱裙"
data10_62.jpg,"女人,近摄,盔甲,弓箭,亚洲人,长发,山脉,晴天,战士,严肃,彩色,古代服装,金属,红色披风"
data10_63.jpg,"女人,近摄,特写,坐,侧脸,手持扇子,花纹服装,黑白,宁静,花园,树木,阴影"
data10_64.jpg,"女人,成人,短发,白色假发,绿色衬衫,白色裤子,花束,白色花朵,红色背景,室内,近摄,侧脸,彩妆,几何图案,时尚,造型"
data10_65.jpg,"女人,长发,闭眼,浅色毛衣,白色内衣,站立,户外,草地,秋天,阳光,宁静,近摄,高挑,优雅,淡雅色系"
data10_66.jpg,"女人,秋天,户外,森林,近摄,白色,毛绒外套,贝雷帽,长发,落叶,微笑,快乐,宁静"
data10_67.jpg,"女人,城市,近摄,秋天,户外,棕褐色,毛绒外套,长发,直发,刘海,侧脸,挥手,时尚,街道,建筑物,车辆,交通灯"
data10_68.jpg,"女人,长发,白色连衣裙,室内,汽车展,站立,侧脸,近摄,肤色偏白,灯光,汽车,模特"
data10_69.jpg,"女人,蓝色,长发,汽车展,汽车,模特,站立,浅蓝色连衣裙,珠宝,近摄,室内,灯光,微笑,性感"
data10_7.jpg,"女人,年轻人,室内,近摄,坐,微笑,快乐,绿色连衣裙,奶油甜点,长发,肤色偏白,晴天,餐厅,桌子,勺子"
data10_70.jpg,"女人,白色,长裙,汽车,粉红色,户外,晴天,站立,近摄,建筑物,成年人"
data10_71.jpg,"女人,都市,秋天,晴天,站立,侧脸,性感,瘦弱,肤色偏白,近摄,栏杆,救生圈"
data10_72.jpg,"女人,近摄,红色背景,长直发,黑色头发,穿着棕色连衣裙,戴手镯,戴戒指,侧脸,宁静,室内"
data10_73.jpg,"女人,近摄,火车站,冬天,红色围巾,灰色外套,立姿,侧脸,宁静,室内,灯光,车站,火车"
data10_74.jpg,"女人,近摄,黑色外套,红色柱子,古建筑,户外,晴天,长发,交叉手臂,微笑,金色耳环,肤色偏白,中等身材"
data10_75.jpg,"女人,黑色皮衣,黑色衣服,长发,侧脸,近摄,砖墙,植物,户外,秋天,宁静,暗色调"
data10_76.jpg,"女人,秋天,户外,近摄,阳光,园林,绿色植物,棕色毛衣,向日葵,女人,长发,低头,宁静"
data10_77.jpg,"女人,乡村,田野,夏天,晴天,侧脸,立姿,红衣,篮子,花朵,远场,宁静"
data10_78.jpg,"女人,红色,夕阳,隧道,火车轨道,树木,远场,立,背对镜头,披风,宁静,自然"
data10_79.jpg,"秋天,森林,女人,跳跃,长裙,粉色,橙色,树木,柿子,近摄"
data10_8.jpg,"女人,黑衣,帽子,近摄,黑暗,低光,手,长发,修长,指甲,饰品,性感,宁静,暗色调"
data10_80.jpg,"秋天,森林,老人,男人,白色,长袍,武术,踢腿,户外,树叶,黄色,阳光,宁静"
data10_81.jpg,"女人,舞蹈,芭蕾舞,白色,单色,室内,近摄,立,侧脸,瘦弱,白色服装,优雅,宁静"
data10_83.jpg,"女人,古装,坐,室内,近摄,白色,宁静,山水画,瀑布,竹子"
data10_84.jpg,"女人,青色,古装,坐,闭眼,宁静,户外,近摄,湖泊,荷叶,绿色,古典,夏天"
data10_85.jpg,"女人,秋天,近摄,中国传统服饰,坐,侧脸,花朵,树叶,粉色,绿色,白色,建筑物,温柔,宁静"
data10_86.jpg,"女人,红色,古装,坐,户外,草地,晴天,夏天,扇子,近摄,中国风,花纹,绣花"
data10_87.jpg,"乡村,女人,儿童,坐,亲吻,绿色,红色,快乐,近摄,石头,河流,篮子,水果,传统服饰"
data10_88.jpg,"山脉,湖泊,雾气,晴天,女人,情侣,坐,立,优雅,白色,蓝色,灰色,宁静,远场,竹筏,鸟类,帽子,扇子"
data10_89.jpg,"女人,汉服,红色,近摄,古代服饰,扇子,花朵头饰,秋天,户外,侧脸,优雅,宁静"
data10_9.jpg,"女人,近摄,特写,室内,女人,披肩,彩色,橙色,绿色,棕色,黑色,宁静,沉思,低头"
data10_90.jpg,"女人,近摄,森林,白色,金色,头饰,纹身,白纱,裙子,侧脸,站立,优雅"
data10_91.jpg,"秋天,森林,女人,站立,侧脸,可爱,白色,宁静,近摄,落叶,帽子,花篮,长裙"
data10_92.jpg,"女人,秋天,森林,桥,站立,白色衣服,帽子,侧脸,宁静,近摄,树木,红色,黄色"
data10_93.jpg,"秋天,女人,近摄,棕色外套,围巾,竹篱笆,落叶,侧脸,沉思,宁静,户外,黄褐色,树叶"
data10_94.jpg,"女人,古装,近摄,园林,晴天,低头,蓝色,白色,粉色,玉石,珍珠,瓷器,中国风"
data10_95.jpg,"女人,古装,中国风,近摄,红色,绿色,白色,扇子,发饰,珍珠项链,晴天,古代建筑,侧脸,室内"
data10_96.jpg,"女人,田野,秋天,收获,篮子,稻谷,浅蓝色衣裳,头巾,近摄,侧脸,微笑,阳光,乡村"
data10_97.jpg,"女人,红色,长袍,秋天,户外,草地,站立,手持扇子,远场,古装,宁静,亚洲人,优雅"
data10_98.jpg,"女人,红色,中国传统服饰,扇子,近摄,古建筑,城市,晴天,立,性感,高跟鞋"
data10_99.jpg,"森林,秋天,女人,站立,侧脸,白色,绿色,宁静,近摄,树木,扇子,汉服"
data11_10.jpg,"女人,近摄,特写,黑人,辫子发型,侧脸,手遮额头,蓝色和橙色灯光,室内,神秘,性感,凝视"
data11_100.jpg,"女人,近摄,特写,卷发,金色头发,蓝色眼睛,侧脸,肤色偏白,户外,风吹头发"
data11_101.jpg,"女人,近摄,白色,花朵,春天,亚洲人,和服,扇子,户外,肖像,宁静,白花,园林,女人,特写"
data11_108.jpg,"女人,室内,近摄,特写,灯光,酒瓶,手,棕色头发,金色头发,女性,直视镜头,灯光效果,红棕色衣服,平静,温柔"
data11_109.jpg,"女人,近摄,特写,侧脸,项链,耳环,绿色,珠宝,黑暗,阴影,光线,神秘,宁静"
data11_11.jpg,"山脉,湖泊,城镇,教堂,建筑物,夏季,晴天,远场"
data11_110.jpg,"女人,跳舞,红色,长裙,近摄,黑色背景,姿态,优雅,飘逸"
data11_111.jpg,"女人,近摄,室内,深色背景,棕色背心,黑色内衣,忧郁,低头,侧脸,瘦弱,肤色偏白,暗光"
data11_112.jpg,"女人,近摄,特写,室内,黑色背景,白色衣服,镂空衣袖,化妆,长发,棕色头发,深色眼线,中性色调妆容,头发,手,抚摸头发,正面,直视镜头"
data11_113.jpg,"女人,冬天,下雪,雪地,古装,青色,坐,低头,宁静,近摄,篮子,树木"
data11_114.jpg,"女人,近摄,特写,金色头发,灰色衣服,室内,中性背景,平静,冷漠,高领衫,圆脸,肤色偏白"
data11_115.jpg,"女人,长发,棕色头发,棕色衣服,近摄,室内,时尚,性感,优雅,模特,珠宝,手镯,金色手镯,姿势,手臂举起"
data11_116.jpg,"女人,冬天,下雪,森林,灰色,近摄,长发,高领毛衣,冷静,树木,雪景"
data11_117.jpg,"女人,金发,近摄,室内,毛衣,灰色,光线,晴天,平静,特写,年轻,女人,长发"
data11_118.jpg,"女人,长发,室内,镜子,近摄,绿色裙子,灰色背心,梳理头发,侧脸,白皙肤色,室内装饰,架子"
data11_119.jpg,"女人,冬天,湖边,冰面,躺卧,长发,长袍,夕阳,寒冷,宁静,近摄,特写"
data11_12.jpg,"男人,近摄,特写,俯拍,摄影师,相机,棕色,黑白照片,户外,城市,街道"
data11_129.jpg,"女人,短发,近摄,室内,城市,窗户,黑色西装,金色项链,金色耳环,深色背景,女人,侧脸,沉思,宁静,冬季,特写"
data11_13.jpg,"男人,中年,亚洲人,肤色偏黄,近摄,特写,工作,摄影师,操作摄像机,户外,戴帽子,彩色"
data11_130.jpg,"男人,建筑物,室内,楼梯,走,灰色,单色,远场,宁静,现代建筑"
data11_131.jpg,"室内,女人,情侣,近摄,躺,闭眼,拥抱,黄光,宁静,棕色,黑色"
data11_133.jpg,"女人,夜晚,城市,灯光,长发,忧郁,近摄,靠着栏杆,外套,棕色"
data11_134.jpg,"女人,夜晚,城市,摩天大楼,灯光,红色连衣裙,坐,长发,夜景,侧脸,灯光装饰,近摄"
data11_135.jpg,"女人,年轻,长发,亚洲人,穿着蓝色碎花连衣裙,拿着装有灯串的玻璃瓶,立姿,夜间,户外,田野,草地,灯光,近摄,宁静,浪漫"
data11_14.jpg,"女人,芭蕾舞演员,白色,白色裙子,跪姿,优雅,艺术,室内,近摄,单人,舞蹈,表演,宁静,冷色调,反射,影子"
data11_15.jpg,"女人,长发,侧脸,近摄,黑色蕾丝内衣,暗光,性感,宁静"
data11_16.jpg,"女人,海边,夏天,晴天,棕红色,比基尼,站立,侧脸,近摄,冲浪板"
data11_17.jpg,"女人,小提琴,森林,户外,春天,夏季,晴天,近摄,演奏,黑色,红色,宁静,竖立"
data11_18.jpg,"女人,长发,近摄,雨天,夜晚,城市,灯光,玻璃,忧郁,侧脸,黑色衣服,耳环"
data11_19.jpg,"女人,芭蕾舞演员,舞蹈,黑色,白色,站立,姿势,优雅,艺术,室内,单人,近摄,金色画框,芭蕾舞裙,脚尖鞋,暗色背景"
data11_20.jpg,"女人,年轻人,棕色头发,卷发,侧脸,抬头,戴帽子,近摄,城市,街道,建筑物,棕色调,忧郁,宁静,黑白"
data11_25.jpg,"女人,坐,长发,棕色连衣裙,高跟鞋,湖边,户外,公园,白天,晴天,近摄,木质长凳,草地,水体,树木,建筑物,性感,优雅"
data11_26.jpg,"女人,水花,浴缸,室内,近摄,蓝色,性感,液体,时尚,特写,夜间,灯光,女人,姿势,水,湿透的衣服"
data11_27.jpg,"女人,黑色服装,雨伞,下雨,室内,近摄,黑色,悲伤,长发"
data11_28.jpg,"女人,长发,近摄,坐着,户外,春天,草地,花朵,白皮肤,彩色,花裙子,植物,宁静"
data11_29.jpg,"女人,长发,花环,浅紫色长裙,站立,抬头,近摄,海边,晴天,草地,浪漫,宁静"
data11_30.jpg,"女人,近摄,室内,黑衣,长发,项链,耳环,暗色调,忧郁,女性,时尚,外套"
data11_31.jpg,"女人,室内,近摄,特写,躺卧,长发,棕色头发,白色服装,蕾丝,手部遮挡嘴巴,肤色偏白,宁静,性感"
data11_32.jpg,"女人,红色,白色圆点,连衣裙,低胸,长袖,系带,立姿,低头,近摄,城市,建筑物,街道"
data11_33.jpg,"海边,黄昏,宁静,水面,沙滩,环形光效,月亮"
data11_34.jpg,"儿童,女孩,婴儿,坐,玩耍,毛绒玩具,泰迪熊,室内,地板,毯子,摇椅,阳光,近摄,快乐,宁静"
data11_35.jpg,"女人,短发,近摄,红色背景,灰色外套,黑色内衣,侧脸,摸嘴唇,室内,人像,性感,时尚"
data11_36.jpg,"女人,近摄,特写,室内,红色,橙色,黑色,女人,长发,服装,连衣裙,性感,时尚,灯光,影调,玫瑰花,摆拍,侧脸,低头"
data11_37.jpg,"女人,女人服装,中式服装,旗袍,扇子,白色,近摄,户外,庭院,建筑物,中国风,亚洲人,晴天,立姿,侧脸,花园,树木,古建筑"
data11_38.jpg,"女人,红色,圣诞节,室内,近摄,面包,袋子,短裙,可爱,拿着,冬天,灯光,服装,食物,装饰"
data11_39.jpg,"海边,夏天,晴天,女人,站立,侧脸,性感,白色,近摄,海浪"
data11_41.jpg,"女人,室内,近摄,特写,红发,雀斑,蓝色衬衫,思考,沉思,宁静,复古风格,书,打字机,钟表,棕色背景"
data11_42.jpg,"女人,近摄,特写,室内,棕色头发,长发,闭眼,抬头,裸露肩膀,披肩,条纹披肩,项链,纹身,肤色偏白,宁静,浪漫,暗色背景,柔和灯光"
data11_43.jpg,"女人,长发,近摄,黑白,侧脸,头发飞扬,宁静,暗色背景,女性肖像"
data11_44.jpg,"女人,坐,室内,近摄,黑色外套,格子裤,白色背景,休闲,宁静,棕色,黑色"
data11_45.jpg,"女人,森林,白天,近摄,侧脸,肤色偏白,遮阳,白色外套,树木"
data11_46.jpg,"森林,女人,白天,立,侧脸,白色,宁静,近摄,树木"
data11_47.jpg,"女人,白色外套,长筒靴,坐,公园,长椅,户外,近摄,冬季,亚洲人,棕色头发,遮阳,宁静"
data11_48.jpg,"女人,夜晚,城市,灯光,近摄,黑色服装,长发,遮挡头部,低头,性感,亚洲人,报纸,黑色,暗色调"
data11_49.jpg,"女人,近摄,特写,室内,灰蓝色衣服,棕色头发,纹身,沉思,女人,侧脸,皮肤白皙,手势"
data11_5.jpg,"男人,侧脸,低头,近摄,黑白,宁静,室内,模糊,素描风格"
data11_51.jpg,"女人,室内,火车,坐,拿着打火机,阅读报纸,绿色连衣裙,眼镜,亚洲人,近摄,昏暗的灯光,宁静"
data11_53.jpg,"女人,春天,户外,近摄,花朵,树木,白色花朵,伸手,抬头,黑衣服,棕色头发,亚洲人,平静,浪漫"
data11_54.jpg,"女人,春天,树木,花朵,公园,近摄,侧脸,抬头,白色衬衫,黑色裙子,红色发带,晴天,宁静,亚洲人"
data11_55.jpg,"女人,春天,户外,近摄,花朵,白衬衫,黑裙子,樱花,树木,侧脸,宁静,白皮肤"
data11_56.jpg,"女人,近摄,春天,树木,花朵,户外,黑色外套,红色包包,红色发饰,立姿,侧脸,棕色头发,浅色肤色,平静,自然光"
data11_58.jpg,"女人,近摄,室内,特写,低头,红衣服,灯光,温暖,宁静,女人,亚洲人,长发,棕色头发,耳环"
data11_59.jpg,"女人,室内,近摄,白肤色,短发,穿着风衣,系着腰带,看着镜头,平静,房间,家具,时尚,室内设计"
data11_60.jpg,"女人,森林,春天,侧脸,站立,拿着包,长发,黑色裙子,白色衬衫,紫色花朵,远景,中等景深"
data11_61.jpg,"女人,青年人,近摄,坐,低头,双手托腮,黑色外套,黑色裙子,绿色植物背景,户外,冬季,晴天,宁静,快乐,深色系,复古皮包"
data11_62.jpg,"女人,近摄,拳击手套,红色,室内,体育运动,健身,搏击,女性,特写,红色拳击手套,运动服,肌肉,强壮,自信,黑暗背景,腹部,穿孔,拳击训练"
data11_63.jpg,"海边,夏天,女人,躺,肤色偏白,红色头发,近摄,比基尼,沙滩,水花,石头"
data11_65.jpg,"女人,近摄,特写,坐姿,侧脸,黑色服装,蓝色背景,水波纹效果,光影效果,时尚,性感,室内,黑色皮靴,珠宝,冷色调"
data11_66.jpg,"女人,年轻人,近摄,室内,特写,侧脸,沉思,宁静,棕色,灰色,秋天,花,花瓶,蜡烛,暗光,文艺复兴风格,古典风格"
data11_67.jpg,"女人,室内,近摄,坐姿,低头,蓝色毛衣,长发,性感,宁静"
data11_68.jpg,"女人,室内,近摄,特写,白肤色,金色头发,温柔,宁静,灯光,照明,休息,靠着,桌子"
data11_69.jpg,"女人,黑衣,近摄,春天,花,树木,白衬衫,户外,宁静,温柔,长发,低头,伞"
data11_70.jpg,"女人,春天,户外,近摄,白衬衫,黑裙子,花朵,树木,侧脸,撩头发,温柔,宁静"
data11_71.jpg,"女人,年轻人,近摄,侧脸,户外,树丛,红色花朵,白色衬衫,黑色连衣裙,遮阳,宁静,春天,绿色"
data11_73.jpg,"女人,春天,户外,树木,花朵,近摄,黑衣,书包,白色袜子,黑鞋,站立,侧脸,宁静"
data11_74.jpg,"女人,春天,户外,近摄,侧脸,树木,花朵,黑衣,平静,白色,亚洲人,长发,背包"
data11_79.jpg,"女人,近摄,特写,长发,黑色服装,黑色面纱,性感,深色,黑白照片,室内,神秘,忧郁"
data11_80.jpg,"女人,海边,夏天,晴天,近摄,短发,蓝色衬衫,黑色内衣,侧脸,俯视,纤细身材,栏杆,海景"
data11_81.jpg,"女人,室内,卧室,床上,躺卧,白色服装,长发,侧脸,近摄,枕头,被子,平静,柔和光线,白色,浅色调"
data11_82.jpg,"森林,女人,白天,站立,侧脸,肤色偏白,白色,宁静,近摄,树木,叶子"
data11_83.jpg,"女人,近摄,特写,遮挡,棕褐色,肤色偏白,棕色眼睛,忧郁,室内"
data11_84.jpg,"女人,红色,近摄,特写,侧脸,躺着,服装,文字"
data11_85.jpg,"女人,青年人,近摄,特写,棕色头发,侧脸,靠着,车内,汽车,古董车,黄昏,宁静,忧郁"
data11_9.jpg,"男人,中年,远场,山脉,沙漠,日落,夕阳,晴天,户外,摄影师,相机,牛仔裤,黑色T恤,远景,黄昏,温暖,宁静"
data11_94.jpg,"女人,白肤色,金发,近摄,侧脸,室内,窗帘,光线,晴天,蓝色衬衫,安静"
data11_95.jpg,"女人,室内,近摄,特写,长发,棕色头发,灰色衣服,低领口,中等肤色,直视镜头,平静,餐厅,灯光,模糊背景"
data11_96.jpg,"女人,室内,近摄,特写,坐姿,侧脸,长发,粉色礼服,白色蕾丝手套,项链,肤色偏白,优雅,宁静"
data11_97.jpg,"女人,室内,近摄,坐着,低头,白色毛衣,黑色内衣,肤色偏白,宁静,忧郁"
data11_98.jpg,"女人,近摄,特写,花朵,黄色,绿色,春天,明亮,宁静,长发,淡妆,肤色偏白"
data11_99.jpg,"女人,室内,近摄,传统服饰,头饰,首饰,帮忙,亚洲人,红色,银色,快乐,女人,室内,传统,文化,节日,庆祝活动"
data2_10.jpg,"女人,青年,近摄,侧脸,白色衬衫,户外,树木,山脉,晴天,宁静,思考"
data2_11.jpg,"女人,青年人,侧脸,短发,发髻,白色上衣,户外,山脉,近摄,晴天,宁静"
data2_12.jpg,"女人,青年,近摄,特写,亚洲人,白衬衫,户外,山脉,绿色,宁静,自然光,站立,侧脸,长发,刘海,肤色偏白,平静"
data2_13.jpg,"女人,青年,近摄,特写,侧脸,亚洲人,白衬衫,头发扎起,户外,山脉,晴天,宁静,栏杆,放松"
data2_14.jpg,"女人,青少年,白衬衫,短裤,山脉,城市,户外,远场,栏杆,夏季,晴天,站立,侧脸,放松,宁静"
data2_15.jpg,"女人,青年,近摄,立姿,白色衬衫,米色背心,肤色偏白,户外,山脉,树林,晴天,宁静"
data2_16.jpg,"女人,青少年,户外,河边,岩石,夏天,晴天,坐,侧脸,微笑,可爱,白色衬衫,牛仔短裤,近摄,浅色,自然光"
data2_17.jpg,"女人,白衬衫,侧脸,挥手,户外,河边,水花,近摄,夏季,晴天,宁静,亚洲人,青年人"
data2_18.jpg,"女人,青年人,白色衬衫,近摄,户外,河流,水流,石头,晴天,侧脸,微笑,快乐,自然光,亚洲人,短发,发髻"
data2_19.jpg,"女人,白衬衫,坐,侧脸,近摄,河流,岩石,水,户外,宁静,夏天,晴天,白色,自然,女性"
data2_20.jpg,"女人,青年人,侧脸,抬手,蹲坐,河流,水花,户外,白衬衫,近摄,晴天,宁静"
data2_21.jpg,"女人,青年,白衬衫,近摄,侧脸,立姿,户外,绿色植物背景,晴天,亚洲人,自然光"
data2_22.jpg,"女人,白衬衫,近摄,蹲下,侧脸,肤色偏白,河边,户外,夏季,宁静,水,岩石"
data2_3.jpg,"女人,青少年,侧脸,近摄,户外,城市,白天,晴天,围栏,头发扎起,白色衬衫"
data2_4.jpg,"女人,近摄,年轻,侧脸,白色衬衫,户外,铁丝网,晴天,平静,肤色偏白,亚洲人"
data2_5.jpg,"女人,近摄,青年,白衬衫,米色背心,户外,围栏,侧脸,头发扎起,晴天,肤色偏白"
data2_6.jpg,"女人,白衬衫,近摄,侧脸,短发,丸子头,户外,山脉,树木,栏杆,晴天,宁静,夏天"
data2_7.jpg,"女人,青年人,侧脸,扎发,白衬衫,近摄,山脉,户外,晴天,宁静,白天"
data2_8.jpg,"女人,青年,白衬衫,牛仔裤,侧脸,忧郁,远场,户外,山脉,树木,绿色,白天,夏季,栏杆,近景"
data2_9.jpg,"女人,白色衬衫,近摄,户外,山脉,绿色植被,晴天,忧郁,头发扎起,低头,侧脸,单人"
data3_10.jpg,"女人,年轻人,远场,黄昏,户外,草地,城市天际线,举起,绿色连衣裙,花,玫瑰,晴天,快乐,宁静"
data3_11.jpg,"女人,长发,绿色连衣裙,花束,户外,傍晚,晴天,近摄,侧脸,温柔,浪漫,乡村"
data3_12.jpg,"女人,户外,晴天,近摄,侧脸,抬头,遮嘴,花朵,肤色偏白"
data3_13.jpg,"女人,青年,户外,晴天,彩色丝带,向上看,浅色连衣裙,近摄,低角度拍摄"
data3_14.jpg,"女人,近摄,侧脸,长发,户外,晴天,肤色偏白,宁静,风"
data3_15.jpg,"女人,近摄,花朵,玫瑰,秋天,户外,乡村,晴天,彩色,长发,侧脸,温柔,抱花"
data3_16.jpg,"女人,青年,侧脸,坐,拿着花,夕阳,户外,远场,绿色连衣裙,花束,玫瑰,春天,宁静,温柔,淡雅"
data3_17.jpg,"女人,近摄,侧脸,长发,花朵,粉色,红色,白色,户外,晴天,宁静,温柔"
data3_18.jpg,"女人,长发,侧脸,近摄,花朵菊花,户外,晴天,乡村,皮肤偏白,温柔"
data3_19.jpg,"女人,近摄,花朵,户外,晴天,夏天,长发,绿色服装,柔和光线,可爱,拿着花束"
data3_20.jpg,"女人,长发,黄绿色连衣裙,侧脸,抬头,户外,晴天,蓝天,白云,远场,轻盈,飘逸"
data3_21.jpg,"女人,近摄,户外,森林,白天,晴天,长发,侧脸,坐,肤色偏白,宁静,树木"
data3_22.jpg,"女人,青年人,侧脸,近摄,户外,晴天,花朵,粉色,橙色,绿色,浅色系"
data3_23.jpg,"女人,年轻人,近摄,特写,花朵,遮阳,侧脸,户外,黄昏,粉色,紫色,绿色,彩色,宁静,夏天,长发"
data3_24.jpg,"女人,近摄,长发,侧脸,花朵,粉色,白色,彩色,宁静"
data3_25.jpg,"女人,户外,晴天,近摄,侧脸,长发,肤色偏白,绿色上衣,蓝天,光晕"
data3_26.jpg,"女人,晴天,户外,吹泡泡,长发,侧脸,浅绿色连衣裙,远场,蓝色泡泡机"
data3_27.jpg,"女人,青年人,户外,绿色,夏季,晴天,植物,树木,远场,站立,长发,淡绿色连衣裙,侧脸"
data3_28.jpg,"女人,花,玫瑰,夏季,晴天,户外,淡绿色连衣裙,近摄,抬头,长发,白皙肤色,快乐"
data3_33.jpg,"秋天,公园,树木,男人,棕色外套,蓝色衬衫,黑色高领衫,书籍,杂志,站立,抬头,远场,石头栏杆,户外"
data3_4.jpg,"女人,长发,侧脸,户外,乡村,晴天,玩耍,拿着泡泡玩具,近摄,浅色衣服,白色衣服,淡黄色,中景,自然光"
data3_5.jpg,"女人,长发,白色上衣,花裙,花束,玫瑰,晴天,户外,远场,夏季,快乐,可爱"
data3_6.jpg,"女人,年轻人,户外,公园,晴天,夏天,近摄,拿着花束,玫瑰,白色衣服,长发,微笑,可爱,肤色偏白,侧脸"
data3_7.jpg,"女人,花朵,绿色,长裙,站立,侧脸,近摄,户外,墙壁,晴天,宁静,淡雅"
data3_8.jpg,"女人,晴天,户外,近摄,向上视角,浅色衣服,长发,侧脸,抚摸头发"
data3_9.jpg,"女人,青绿色,田野,坐,远场,夏天,晴天,户外,长发,侧脸,淡雅"
data4_10.jpg,"女人,年轻人,户外,夏季,晴天,树木,绿色,近摄,侧脸,淡粉色衣服,长发,沉思,宁静"
data4_11.jpg,"女人,青年,长发,侧脸,浅粉色连衣裙,户外,树木,阳光,夏天,近摄,宁静,温柔"
data4_12.jpg,"女人,长发,近摄,户外,树林,夏天,晴天,粉色衣服,立姿,侧脸,可爱,肤色偏白"
data4_13.jpg,"女人,坐,长发,闭眼,粉色长裙,树林,春天,户外,晴天,近摄,宁静,放松"
data4_14.jpg,"女人,坐,长发,粉色衣服,户外,森林,夜晚,宁静,忧郁,近摄,木质长凳,木头,树木"
data4_16.jpg,"女人,长发,坐,侧脸,粉色长裙,户外,森林,木质长凳,宁静,夏季,近摄,肤色偏白,树木"
data4_17.jpg,"女人,坐,侧脸,户外,森林,宁静,夏季,粉色,近摄,长发,长裙"
data4_20.jpg,"女人,坐,长发,户外,森林,木质结构,长裙,粉色,宁静,近摄,抬头,肤色偏白,树木,叶子"
data4_22.jpg,"女人,坐,长发,粉色长裙,木质长凳,木质凉亭,森林,户外,宁静,夏季,远景,落叶,亚洲人,肤色偏白"
data4_23.jpg,"女人,森林,近摄,长发,肤色偏白,花朵,宁静,春天,低头,轻触"
data4_24.jpg,"女人,长发,淡粉色连衣裙,散步,河边,户外,夏季,宁静,远场,石头,树木,绿色,自然,白天,河流"
data4_25.jpg,"女人,河边,乡村,夏天,晴天,行走,粉色,长裙,近摄,石头,树木,宁静"
data4_27.jpg,"女人,淡粉色,近摄,河边,森林,夏季,长发,站立,宁静,侧脸,瘦弱,浅色皮肤"
data4_28.jpg,"女人,近摄,长发,低头,侧脸,肤色偏白,粉色衣服,海边,宁静,户外"
data4_29.jpg,"女人,年轻人,淡粉色,长发,黑发,近摄,户外,河边,水,石头,宁静,夏季,低头,自然,树木"
data4_3.jpg,"女人,近摄,长发,肤色偏白,户外,树木,夏天,晴天,宁静"
data4_30.jpg,"女人,近摄,长发,侧脸,平静,户外,河流,浅色服装,肤色偏白"
data4_31.jpg,"女人,森林,夏天,晴天,立姿,侧脸,粉色,近摄,树木"
data4_32.jpg,"女人,河流,浅水,裸足,行走,轻纱长裙,粉色,户外,自然,宁静,近摄,石头"
data4_33.jpg,"女人,河流,森林,夏季,长裙,粉色,宁静,户外,散步,近摄,石头,树木"
data4_34.jpg,"女人,长发,淡粉色长裙,近摄,河流,户外,自然,山脉,夏天,俯身,侧脸"
data4_37.jpg,"女人,长发,淡粉色连衣裙,近摄,侧脸,户外,树木,河流,晴天,宁静,乡村"
data4_38.jpg,"女人,河流,树木,森林,夏天,晴天,立,侧脸,肤色偏白,近摄,粉色,长发"
data4_4.jpg,"女人,长发,近摄,侧脸,低头,夏天,晴天,绿色背景,树叶,粉色衣服,户外,宁静,温柔"
data4_5.jpg,"女人,坐,长发,粉色连衣裙,平底鞋,户外,树木,绿色,阳光,宁静,远场,乡村,春天,石墙,道路"
data4_6.jpg,"女人,长发,近摄,侧脸,户外,树林,绿色,夏天,晴天,淡粉色衣服,抬手,自然光"
data4_7.jpg,"女人,长发,户外,树林,夏天,晴天,近摄,侧脸,低头,粉色衣服,肤色偏白,宁静"
data4_8.jpg,"女人,长发,坐,近摄,粉色连衣裙,晴天,夏天,树木,户外,宁静,肤色偏白,绿色,自然环境"
data4_9.jpg,"女人,坐,长发,粉色连衣裙,户外,树木,绿色,夏季,自然光,宁静,远场,近摄,亚洲人,白皙肤色,休闲"
data5_1.jpg,"女人,青少年,近摄,室内,废墟,门,金属,黑暗,阳光,刀,黑衣,短裙,链条,站立,侧脸"
data5_10.jpg,"女人,白色连衣裙,坐,拿着花,户外,绿色植物,白天,晴天,近摄,草地,树木,花,夏季,女人,年轻,可爱,长发,黑发,白色袜子,黑色鞋子"
data5_11.jpg,"森林,女人,儿童,坐,绿色,宁静,树木,荡秋千,近摄"
data5_12.jpg,"女人,少女,骷髅,旋转木马,游乐场,废墟,破败,花朵,红色,黑色,紫色,哥特式,洛丽塔,近摄,特写,户外,白天,晴天"
data5_13.jpg,"女人,青少年,天使翅膀,坐,抬头,长发,白皙,可爱,户外,绿色植物,夏季,晴天,近摄,远场,树木,墙壁"
data5_14.jpg,"女人,成年人,坐,侧脸,长发,红色头发,白色连衣裙,户外,河流,岩石,绿树,山脉,晴天,近摄,花饰,休闲,宁静"
data5_15.jpg,"女人,儿童,女孩,洛丽塔风格,黑色和白色,粉色,游乐园,旋转木马,伞,蘑菇,近摄,特写,坐姿,可爱,梦幻,童话,复古,黑白,彩色"
data5_16.jpg,"女人,青少年,近摄,森林,河流,夏天,晴天,站立,思考,白色长袜,泳衣,救生圈,蓝色,白色,水,石头"
data5_17.jpg,"女人,少女,立,侧脸,黑色服装,短裙,长筒袜,持刀,废墟,建筑物残骸,光线,金色,近摄,黑暗,神秘,哥特式"
data5_18.jpg,"女人,青少年,短发,制服,黑色,坐,手持武士刀,近摄,户外,森林,废弃火车,绿色植物,日间,晴天,哥特式,性感,黑暗,神秘"
data5_19.jpg,"女人,红伞,中式旗袍,红色,黑色,灯光,建筑物,室内,近摄,立,侧脸,亚洲人,夜晚,古建筑"
data5_20.jpg,"女人,青少年,夜晚,城市,街道,近摄,坐,侧脸,低头,学校制服,蓝色,白色,格纹,花朵,玻璃瓶,透明背包,向日葵,雏菊,灯光"
data5_21.jpg,"女人,青少年,室内,近摄,坐,微笑,猫耳,制服,校服,格子裙,黑色外套,白色衬衫,蝴蝶结,黑色袜子,厚底鞋,玩偶,城市,晴天"
data5_22.jpg,"女人,青少年,夜晚,城市,街道,路灯,建筑物,跳跃,拿着伞,穿校服,短裙,黑丝袜,手提瓶子,可爱,快乐,近摄,彩色,灯光"
data5_23.jpg,"女人,青绿色头发,近摄,户外,森林,植物,叶子,遮阳,白衣服,坐,宁静,夏天,晴天,绿色,可爱"
data5_24.jpg,"女人,青少年,坐,拿着乐器,尤风,学生制服,乡村,田野,户外,晴天,金色,白色,蓝色,近摄,背包,乐器"
data5_25.jpg,"女人,海边,夏天,傍晚,坐,黄色,近摄,草地,帽子,向日葵,瘦弱,宁静"
data5_26.jpg,"海边,黄昏,夕阳,女人,坐,侧脸,可爱,黄色,向日葵,草帽,近摄"
data5_27.jpg,"女人,儿童,坐,绑绷带,抬头,肤色偏白,近摄,书籍,书桌,树木,户外,绿色,白衣,医疗输液架,袜子,晴天"
data5_28.jpg,"女人,天使翅膀,吉他,蓝色,女人,白衣服,飞机,户外,近摄,山脉,白天,弹吉他,长发,坐姿"
data5_29.jpg,"女人,青色头发,坐,闭眼,穿着蓝白条纹衣服,户外,阳光,公园,秋千,医疗设备,近摄,宁静,苍白肤色"
data5_3.jpg,"女人,红色,近摄,中国传统服饰,扇子,户外,墙,树木,晴天,秋天,立姿,侧脸,发饰,鹿角头饰"
data5_30.jpg,"海边,黄昏,夕阳,男人,坐,西装,黑色,水,木桩,秋天,宁静,近摄"
data5_31.jpg,"女人,女孩,学生,室内,近摄,站立,侧脸,黑色制服,白色领子,灰色蝴蝶结,长发,灯光,玻璃,栏杆,博物馆,展览馆"
data5_4.jpg,"女人,青少年,海边,夕阳,坐,侧脸,蓝色制服,黑色鞋子,短裙,黑色贝雷帽,双马尾,拿着向日葵,远场,平静,宁静"
data5_5.jpg,"女人,青少女,学校制服,粉色,坐,可爱,花朵,黄色,森林,树木,地面,近摄,晴天,背包,低头,散落的花瓣,心形"
data5_6.jpg,"女人,青少年,学生,制服,蓝色,黑色,白色,户外,街道,交通灯,站立,侧身,快乐,晴天,近摄,背包,袜子,鞋子"
data5_7.jpg,"女人,青少年,学生,城市,街道,白衬衫,格裙,长袜,乐器盒,站立,行走,近摄,户外,白天,晴天"
data5_8.jpg,"女人,青少年,白发,粉色系服装,格子裙,跪姿,手持鱼缸,花朵背景,红色花朵,近摄,户外,白天,学校制服,可爱,宁静"
data5_9.jpg,"女人,学生,青少年,户外,坐,侧坐,微笑,书本,花,红色花朵,粉色衬衫,灰色外套,格子裙,白色袜子,乐福鞋,小桌子,鱼缸,书包,近摄,春天,晴天,可爱,学校,花丛"
data6_10.jpg,"女人,河流,近摄,白色外套,户外,晴天,侧脸,平静,淡色"
data6_101.jpg,"女人,近摄,黑白,玫瑰,长发,侧脸,宁静,特写"
data6_102.jpg,"女人,近摄,黑白,抬头,长发,宁静,户外,岩石"
data6_11.jpg,"女人,白衣,河边,近摄,侧脸,晴天,户外,冬季,平静,淡色,水,女人,外套"
data6_12.jpg,"女人,近摄,侧脸,黑发,白外套,耳环,水面,户外,宁静,冬季,晴天"
data6_13.jpg,"女人,冬天,森林,侧脸,近摄,树木,晴天,外套,宁静"
data6_14.jpg,"女人,冬天,白色外套,立,近摄,树木,河流,乡村,晴天,户外"
data6_18.jpg,"女人,长发,近摄,黑白,穿着印花长裙,湖边,宁静,忧郁,水,树木,远场,乡村"
data6_20.jpg,"森林,女人,立,抬头,黑色,绿色,宁静,近摄,树木,水塘"
data6_21.jpg,"女人,长发,黑色长发,树林,户外,晴天,近摄,抬头,侧脸,棕色衣服,自然光,树叶"
data6_22.jpg,"女人,海边,傍晚,侧脸,站立,长发,黑白,宁静,远场"
data6_23.jpg,"女人,近摄,特写,侧脸,长发,肤色偏白,阳光,光晕,模糊,户外"
data6_24.jpg,"女人,户外,夏天,晴天,树木,近摄,抬头,粉色衣服,模糊,白皙肤色"
data6_25.jpg,"女人,近摄,特写,黑色头发,刘海,黑白照片,夜晚,黑暗背景,直视镜头,平静"
data6_26.jpg,"女人,白色,长裙,户外,自然,森林,岩石,近摄,白昼,晴天,低头,宁静"
data6_27.jpg,"女人,森林,黑白,近摄,夏季,立,低头,忧郁,碎花裙,树木"
data6_28.jpg,"女人,湖边,山脉,远场,黑白,宁静,长袍,站立,长发,户外"
data6_29.jpg,"女人,长发,黑衣,户外,山脉,湖泊,水边,远场,后背,背影,黑白色,风,自然,宁静,晴天"
data6_30.jpg,"女人,情侣,散步,黑白色,长裙,户外,远场,乡村,土地,平原,白天"
data6_31.jpg,"女人,情侣,拥抱,黑衣,长发,黑白照片,悲伤,宁静,近摄,海边"
data6_32.jpg,"女人,黑衣,长裙,黑白照片,湖边,远场,宁静,侧脸,立,冬天,女人背影"
data6_34.jpg,"女人,户外,晴天,抬头,黑色服装,近摄,黑白,宁静,长发"
data6_35.jpg,"女人,近摄,特写,黑白,长发,侧脸,低头,宁静,室内"
data6_37.jpg,"女人,黑色,连衣裙,立姿,侧脸,宁静,水边,近摄,户外,乡村,阴天,山脉,树木"
data6_38.jpg,"女人,黑色,衣服,模糊,动作,黑白,室内,近摄"
data6_39.jpg,"女人,长发,黑色服装,站立,侧脸,宁静,远场,山脉,树木,户外,黑白,阳光,自然"
data6_40.jpg,"女人,室内,楼梯,木质,绿色墙壁,女人站立,黑色衣服,侧脸,宁静,暗光,远场,建筑物,木楼梯"
data6_41.jpg,"女人,近摄,侧脸,毛皮衣领,户外,黄昏,宁静,肤色偏白"
data6_42.jpg,"女人,近摄,黑色外套,黑白照片,室内,墙壁,瓷砖,直视镜头,手握外套,长发,中性风"
data6_43.jpg,"女人,近摄,特写,黑白,长发,侧脸,宁静,忧郁"
data6_44.jpg,"女人,室内,近摄,暗光,低头,沉思,棕色衣服,镜子,黑色长发,肤色偏白,圆脸"
data6_45.jpg,"女人,近摄,特写,黑白,抬头,女人,闭眼,室内,布料,光线,宁静,沉思"
data6_46.jpg,"女人,森林,溪流,岩石,晴天,立,侧脸,白色连衣裙,近摄,树木"
data6_47.jpg,"女人,夏季,花田,远场,站立,抬头,棕色裤子,白色上衣,粉色花朵,晴天,快乐,自然,户外,近景"
data6_48.jpg,"女人,长发,黑发,近摄,侧脸,树叶,阳光,户外,白天,绿色,白色衣服,森林,夏天"
data6_55.jpg,"女人,短发,白色衬衫,站立,侧脸,近摄,户外,植物,黑白照片,宁静"
data6_57.jpg,"女人,长发,白发,近摄,户外,森林,石阶,黑白,侧脸,宁静"
data6_58.jpg,"女人,红色,连衣裙,站立,赤脚,绿色,背景布,室外,塑料椅子,近摄,亚洲人,年轻,宁静"
data6_59.jpg,"女人,瀑布,森林,水流,近摄,长发,白色连衣裙,站立,侧脸,宁静,绿色,岩石"
data6_6.jpg,"女人,成人,长发,闪光连衣裙,户外,草地,白天,多人,摄影师,拍照,紧张,侧脸,近摄,黑白照片"
data6_60.jpg,"女人,海边,晴天,夏季,近摄,黑色,短发,交叉手臂,快乐,石头,沙滩,露肩装,长裙,半身像"
data6_63.jpg,"儿童,女孩,近摄,户外,黑发,亚洲人,平静,严肃,浅蓝色衬衫,白领,自然光,绿色背景,特写"
data6_64.jpg,"女人,室内,近摄,躺卧,黑色头发,黑白格子衫,白色高领衫,侧脸,宁静,暗光"
data6_65.jpg,"女人,躺,草地,土路,户外,田野,远场,黑色服装,春天/秋天,宁静"
data6_67.jpg,"女人,青年人,躺,闭眼,户外,草地,芦苇,黑白,近摄,夏季,宁静,悲伤"
data6_7.jpg,"女人,躺卧,草地,远场,黑白,宁静,公路,护栏,乡村"
data6_76.jpg,"女人,长发,黑衣,抬头,侧脸,户外,山脉,天空,云,白天,近摄,黑白,宁静"
data6_77.jpg,"女人,近摄,特写,棕色眼睛,黑色长发,红棕色嘴唇,圆脸,肤色偏白,戴耳环,低头"
data6_78.jpg,"女人,近摄,黑白,特写,侧脸,宁静,暗光"
data6_79.jpg,"女人,情侣,近摄,特写,黑白,宁静,闭眼,侧脸"
data6_8.jpg,"女人,坐,长发,户外,乡村,草地,黑白,近摄,刺青,宁静,裙子,远景,丘陵"
data6_80.jpg,"女人,黑衣,山脉,湖泊,户外,晴天,黑白,忧郁,远场,近摄,行走,长裙"
data6_81.jpg,"女人,黑发,近摄,抬头,户外,岩石,树木,黑白,晴天,女人,侧脸"
data6_82.jpg,"女人,海边,晴天,白色,长发,连衣裙,站立,侧脸,近摄,远场,水,岩石"
data6_83.jpg,"女人,黑白,近摄,户外,草地,动作,甩头发,白衬衫,中等长度头发"
data6_84.jpg,"女人,近摄,黑白,侧脸,长发"
data6_85.jpg,"女人,年轻人,黑色头发,短裙,白色上衣,坐着,微笑,黑白色,近摄,室内,头发遮住眼睛,快乐"
data6_86.jpg,"女人,青年人,海边,岩石,户外,夏季,白天,晴天,近摄,笑,花卉图案连衣裙,站立,侧脸,黑白照片"
data6_87.jpg,"女人,青少年,白衬衫,黑裤子,草地,户外,黑白,躺着,侧脸,近摄,宁静,短发"
data6_88.jpg,"女人,近摄,特写,黑白,低头,侧脸,黑发,耳环"
data6_9.jpg,"女人,冬天,户外,树木,近摄,白色外套,黑色内搭,侧脸,晴天,宁静"
data6_95.jpg,"女人,近摄,特写,黑发,黑白,宁静,低头,侧脸"
data6_96.jpg,"女人,儿童,近摄,特写,黑白,花朵图案,低头,侧脸,沉思,宁静"
data6_97.jpg,"女人,水,近摄,黑白,亚洲人,宁静,长发,户外,河流,夏天,女人,水,特写,人物动作：低头,人物特征：湿发"
data6_98.jpg,"女人,长发,近摄,黑白,低头,宁静,波尔卡圆点衬衫"
data6_99.jpg,"女人,近摄,黑白,长发,刘海,侧脸,宁静,树叶,户外,阴影"
data7_1.jpg,"女人,夏季,户外,草地,白裙,远场,侧身,宁静,绿色,树木,柳树,花朵"
data7_10.jpg,"情侣,女人,男人,坐,冬季,户外,晴天,白天,远场,树木,街道,长椅,外套,棕色,黑色,白色,浪漫,宁静"
data7_100.jpg,"女人,白色,长裙,夏季,户外,草地,树木,宁静,近摄,低头,可爱,散步"
data7_101.jpg,"女人,白色,长裙,草地,户外,春天,夏季,晴天,侧脸,飘逸,花朵,树木,远场"
data7_102.jpg,"女人,坐,侧身,白色连衣裙,蓝色花束,草地,树木,户外,森林,晴天,远场,宁静,夏季"
data7_103.jpg,"女人,白色,长裙,户外,旋转,草地,树木,柳树,夏季,晴天,远场,后背,优雅,宁静"
data7_104.jpg,"女人,白色,长裙,森林,户外,散步,远场,晴天,夏季,宁静"
data7_105.jpg,"女人,树木,绿色,夏天,晴天,户外,远场,白色婚纱,旋转,快乐,草地,自然"
data7_106.jpg,"女人,奔跑,户外,草地,绿色,树林,夏季,白裙,远场,宁静,后背,树木"
data7_107.jpg,"女人,白色,长裙,走路,花束,绿色,树木,户外,夏季,远场,宁静"
data7_108.jpg,"女人,白色,长裙,散步,户外,绿色,树木,夏季,晴天,远场,侧脸,宁静"
data7_109.jpg,"女人,公园,树木,白天,晴天,夏季,白色连衣裙,长裙,站立,侧脸,近摄,远场,宁静"
data7_11.jpg,"情侣,男人,女人,坐,自行车,街道,建筑物,户外,冬天,晴天,近摄,白色,棕色,快乐,浪漫"
data7_110.jpg,"女人,夏季,公园,树木,白天,户外,站立,侧脸,长裙,白色,近摄,树干"
data7_111.jpg,"女人,坐,宁静,公园,户外,春天,白天,晴天,树木,绿色,白色,长裙,近摄,远场,草地"
data7_112.jpg,"女人,森林,夏天,晴天,白天,近摄,站立,侧脸,白色,长裙,树木,树干,叶子,宁静,温柔"
data7_113.jpg,"女人,户外,晴天,夏天,草地,植物,高挑,侧脸,低头,蓝色衬衫,远场,放松,宁静"
data7_114.jpg,"女人,远场,草地,晴天,抬头,绿色,户外,蓝天,白云"
data7_115.jpg,"女人,乡村,夏季,晴天,散步,远场,绿色,蓝色,白色,树木,草地"
data7_116.jpg,"女人,青少年,草地,户外,晴天,夏季,站立,后背,远场,蓝色,绿色,休闲"
data7_117.jpg,"女人,乡村,草地,晴天,行走,远场,长发,蓝色衬衫,白色,绿色"
data7_118.jpg,"女人,青年人,散步,户外,草地,远场,晴天,夏季,蓝色,白色,休闲,相机"
data7_119.jpg,"女人,远场,草地,晴天,抬头,夏季,户外,绿色"
data7_12.jpg,"冬天,情侣,男人,女人,散步,街道,建筑物,商店,日本,冬季,黄色,白色,黑色,近摄,远场,外套,冷色调"
data7_120.jpg,"女人,乡村,晴天,站立,侧脸,浅色,宁静,近摄,木屋,草地"
data7_121.jpg,"乡村,晴天,女人,站立,远场,草地,房屋,山脉"
data7_122.jpg,"女人,乡村,晴天,夏天,立,手持相机,黑色,白色,近摄,草地,山脉,建筑物"
data7_123.jpg,"女人,室内,坐,抱玩具,长发,近摄,格子衬衫,牛仔裤,玩具,粉色,白色,宁静"
data7_124.jpg,"女人,近摄,室内,长发,黑色头发,穿着格子衬衫,拿着苹果,平静,红苹果,特写,室内环境,亚洲人"
data7_125.jpg,"女人,青少年,坐,抱着毛绒玩具,闭眼,室内,窗边,布帘,格子衬衫,牛仔裤,宁静,近摄,绿色毛绒玩具,光线充足"
data7_126.jpg,"女人,室内,近摄,长发,低头,抱着玩具,格子衬衫,平静,柔和光线,室内光线,窗帘,窗户"
data7_127.jpg,"室内,女人,坐,拿着苹果,近摄,长发,休闲,宁静,蓝色牛仔裤,格子衬衫,浅色地板,绿色植物,室内植物,拖鞋"
data7_128.jpg,"女人,室内,近摄,躺卧,侧脸,忧郁,红色,苹果,格子衬衫,肤色偏白,青年"
data7_129.jpg,"女人,睡觉,近摄,室内,床上,格子衬衫,蓝色,红色苹果,平静,休闲"
data7_13.jpg,"冬季,街道,雪,情侣,女人,男人,站立,近摄,日式建筑,灯笼,亚洲人,白天的,晴天"
data7_130.jpg,"女人,白裙,花束,树木,公园,户外,夏季,白天,晴天,近摄,侧脸,宁静,长发,白色,绿色"
data7_131.jpg,"女人,白色,森林,夏季,白天,近摄,花束,长袖,站立,侧脸,项链,白色连衣裙,宁静"
data7_132.jpg,"女人,白色,长裙,树木,森林,站立,侧脸,花束,近摄,宁静,秋天,长袖,白色连衣裙"
data7_133.jpg,"女人,白色,长裙,森林,户外,抬头,近摄,夏季,绿色,宁静,树木"
data7_134.jpg,"公园,女人,秋天,白天,拿着花束,站立,侧脸,温柔,近摄,树木,草地,棕色外套,白色连衣裙,花,树干"
data7_135.jpg,"女人,秋天,户外,远场,站立,侧脸,棕色外套,白色内搭,草地,植物,宁静,忧郁,浅色头发"
data7_136.jpg,"女人,手,植物,秋天,户外,近摄,棕色外套,白色内搭,干燥的植物,宁静,自然"
data7_137.jpg,"女人,近摄,侧脸,棕色外套,白色内搭,花朵,秋天,户外,宁静,浅色肤色,长发"
data7_138.jpg,"女人,近摄,侧脸,秋天,户外,公园,树木,花朵雏菊,棕色外套,项链,耳环,宁静,肤色偏白,长发,盘发"
data7_139.jpg,"女人,秋天,户外,草地,远场,站立,侧脸,棕色外套,平静,浅棕色头发,植物,银白色"
data7_14.jpg,"冬天,雪地,情侣,女人,男人,推车,坐,户外,白色,建筑物,冬季,远场"
data7_140.jpg,"女人,秋天,户外,草地,远场,散步,穿着棕色外套,手持花束,宁静,长发,白裙,浅色花朵,高挑"
data7_141.jpg,"女人,秋天,户外,草地,远场,棕色外套,花束,侧脸,站立,宁静"
data7_142.jpg,"女人,秋天,户外,远场,近摄,棕色外套,白色内搭,低头,宁静,草地,植物"
data7_143.jpg,"女人,秋天,户外,草地,棕褐色外套,长发,侧脸,宁静,近摄,草,植物"
data7_144.jpg,"女人,秋天,户外,草地,棕褐色外套,低头,近摄,特写,抚摸,植物,宁静,浅色头发,圆脸,白皙肤色"
data7_145.jpg,"女人,秋天,晴天,户外,石墙,靠墙,抬头,侧脸,近摄,穿着条纹毛衣,棕色裙子,提包,BALLY包包"
data7_146.jpg,"女人,城市,石墙,街道,秋天,近摄,低头,棕色,白色,帆布包,长裙,休闲鞋,袜子"
data7_147.jpg,"女人,秋天,户外,街道,石墙,近摄,侧脸,站立,休闲,手提包,树木"
data7_148.jpg,"女人,秋天,户外,阳光,近摄,侧脸,抬头,树叶,石墙,毛衣,黄色,黑色,宁静"
data7_149.jpg,"秋天,女人,立,侧脸,瘦弱,黄色,棕色,宁静,近摄,石墙,树叶,道路"
data7_15.jpg,"冬天,雪地,情侣,女人,男人,站立,远场,街道,建筑物,白色,冷色调,宁静"
data7_150.jpg,"女人,秋天,户外,近摄,抬头,侧脸,树木,棕色外套,平静,中长发"
data7_151.jpg,"女人,秋天,树林,立姿,近摄,浅棕色外套,黑色毛衣,户外,晴天"
data7_152.jpg,"女人,森林,傍晚,立,侧脸,棕色外套,帆布包,近摄,树木"
data7_153.jpg,"森林,女人,立,抬头,肤色偏白,棕色,宁静,中景,树木"
data7_154.jpg,"女人,秋天,公园,棕色外套,栏杆,俯身,近摄,户外,宁静,绿色植物,树木,中等色调"
data7_156.jpg,"女人,近摄,特写,侧脸,长发,黑色头发,肤色偏白,宁静,忧郁"
data7_157.jpg,"女人,近摄,低头,长发,棕色外套,黄色和黑色条纹毛衣,忧郁,宁静,浅色皮肤,特写,户外"
data7_158.jpg,"女人,近摄,特写,侧脸,黑色头发,肤色偏白,平静,室内"
data7_159.jpg,"女人,近摄,低头,悲伤,肤色偏白,秋天,户外,毛衣,长发,棕色,黑色"
data7_16.jpg,"冬天,雪地,街道,建筑物,商店,情侣,女人,男人,站立,远场,户外,日本,亚洲,冷色调"
data7_160.jpg,"秋天,公园,女人,长发,侧脸,抬头,手持落叶,近摄,黄色,宁静,树木,落叶"
data7_161.jpg,"女人,秋天,户外,公园,树木,落叶,近摄,宁静,浅色外套,拿着树叶,长发,女人,休闲,白平衡,自然光"
data7_162.jpg,"秋天,公园,女人,坐,侧脸,落叶,树木,近摄,浅色系,宁静"
data7_163.jpg,"女人,秋天,公园,坐,沉思,落叶,近摄,树木,石头,长发,浅色外套,牛仔裤,白色鞋子,宁静,户外"
data7_164.jpg,"女人,秋天,公园,树木,长发,抬头,近摄,户外,阳光,米色外套,快乐,宁静"
data7_166.jpg,"女人,秋天,湖边,树木,长发,浅色外套,站立,侧脸,宁静,近摄,树枝,黄色叶子"
data7_167.jpg,"秋天,公园,水边,女人,长发,闭眼,休闲,靠着树,米色外套,牛仔裤,树木,树枝,河流,宁静,近摄"
data7_168.jpg,"秋天,公园,女人,阅读,白衣,长外套,高领,书,站立,侧脸,肤色偏白,树木,红叶,远场,宁静"
data7_169.jpg,"女人,秋天,森林,白天,晴天,近摄,站立,侧脸,看书,白色外套,树叶,耳机"
data7_17.jpg,"女人,近摄,黑色外套,红色花朵,花丛,长发,侧脸,平静,春天,户外,花卉,亚洲人,手镯"
data7_170.jpg,"女人,秋天,户外,近摄,枫叶,树木,白衣,灰色高领,侧脸,宁静,温柔"
data7_171.jpg,"秋天,女人,户外,近摄,白衣,枫叶,侧脸,树木,金色,宁静,阳光,秋季,耳机"
data7_172.jpg,"女人,秋天,户外,树叶,红色,白色外套,近摄,低头,宁静,侧脸,耳饰,公园,阳光"
data7_173.jpg,"秋天,女人,近摄,侧脸,白色,树叶,森林,晴天,户外"
data7_174.jpg,"女人,秋天,户外,红色背景,白衣,书籍,近摄,侧脸,宁静,思考,耳机"
data7_175.jpg,"女人,秋天,户外,枫叶,白外套,灰色高领衫,近摄,侧脸,宁静,树木,阳光,彩色"
data7_176.jpg,"女人,秋天,户外,森林,近摄,枫叶,白衣,侧脸,思考,宁静,高领毛衣"
data7_177.jpg,"女人,秋天,森林,书,白色外套,远场,侧脸,树木,遮挡脸部"
data7_178.jpg,"女人,秋天,森林,白色,外套,阅读,书,近摄,宁静,户外,树木,落叶"
data7_179.jpg,"女人,侧脸,近摄,户外,秋天,阳光,白色外套,毛绒发箍,棕色头发,肤色偏白,宁静,公园,树木"
data7_18.jpg,"女人,花朵,红色,近摄,特写,黑色西装,白色衬衫,领结,长发,侧脸,户外,春天,花丛,植物,红花"
data7_180.jpg,"女人,秋天,树林,枫叶,白外套,看书,近摄,站立,宁静,灰色,户外,彩色"
data7_181.jpg,"秋天,森林,女人,站立,侧脸,肤色偏白,白色,宁静,近摄,枫叶,树木"
data7_182.jpg,"女人,秋天,户外,道路,红叶,白色外套,长外套,黑色长靴,抬头,近摄,远场,散步,街道,树叶"
data7_183.jpg,"女人,秋天,户外,散步,白色外套,黑色包包,红色树叶,道路,城市,近摄,侧脸,长发"
data7_184.jpg,"女人,秋天,户外,街道,红叶,白衣,近摄,微笑,手遮嘴,黑色包包,长款外套,黑色鞋子"
data7_185.jpg,"男人,年轻人,近摄,室内,冬天,蓝色围巾,眼镜,低头,宁静,玻璃碗,枫叶,黄色,红色,白色衬衫,黑色外套,室内光线"
data7_186.jpg,"室内,冬天,男人,坐,围巾,眼镜,近摄,鱼缸,秋叶,蓝色,宁静"
data7_19.jpg,"女人,近摄,红色,花朵,山茶花,黑色,白色,制服,学校,青春,可爱,宁静,春天"
data7_20.jpg,"女人,近摄,黑色西装,白色衬衫,领带,红花,花园,户外,暗色调,侧脸,直发,平静,青年"
data7_21.jpg,"女人,青年,学生,黑色制服,黑色鞋子,短裙,花朵,红色花朵,山茶花,遮挡嘴巴,近摄,户外,城市,树木,春天,宁静,单人"
data7_22.jpg,"女人,青年,近摄,特写,黑色外套,白色衬衫,红花,花朵,山茶花,黑色长发,手镯,户外,树丛,植物,安静,宁静,深色背景"
data7_23.jpg,"女人,长发,黑色外套,白色衬衫,侧脸,近摄,闻花,红色花朵,花丛,春天,户外,宁静"
data7_24.jpg,"女人,近摄,特写,抬头,黑色,红色,花朵,树木,宁静,森林,校服,白衬衫,手镯"
data7_25.jpg,"女人,侧脸,长发,黑色外套,红色花朵,城市,近摄,晴天,宁静"
data7_26.jpg,"女人,春天,粉色,花朵,樱花树,长裙,户外,侧脸,轻触,远场,宁静,浅绿色,长发"
data7_27.jpg,"女人,春天,花朵,粉色,近摄,抬头,长发,树木,宁静,淡蓝色,女人,花,春天,户外"
data7_28.jpg,"女人,春天,花朵,粉色,近摄,立姿,浅蓝色服装,长发,户外,树木,平静,清新"
data7_29.jpg,"女人,春天,户外,公园,花树,粉色花朵,长裙,浅蓝色服装,站立,侧身,微笑,近摄,树木,草地"
data7_3.jpg,"女人,坐,冬季,户外,晴天,宁静,近摄,长椅,沙地,蓝色围巾,黑色外套,白色建筑,书"
data7_30.jpg,"女人,春天,粉色,花朵,树木,樱花,长发,侧脸,远场,站立,宁静,淡雅"
data7_31.jpg,"女人,春天,粉色,花朵,树木,近摄,立,侧脸,浅色服装,宁静,户外,樱花树"
data7_32.jpg,"女人,长发,夜晚,城市,灯光,樱花,树木,白色衣服,近摄,侧脸,宁静,浪漫"
data7_33.jpg,"女人,夜间,春天,樱花,城市,灯光,近摄,侧脸,长发,浅蓝色连衣裙,宁静,浪漫"
data7_34.jpg,"女人,夜晚,城市,路灯,樱花,长发,白色连衣裙,近摄,玩弄头发,侧脸,浪漫,宁静"
data7_35.jpg,"女人,夜间,春天,樱花,路灯,城市,长发,白色连衣裙,站立,侧脸,近摄,宁静,浪漫"
data7_36.jpg,"女人,夜晚,城市,公园,街道,路灯,街景,樱花,春天,树木,灯光,站立,侧脸,长裙,白色,近摄,宁静,休闲"
data7_37.jpg,"女人,夜间,樱花,白色服装,立姿,抬头,近摄,浪漫,宁静,花朵,树木"
data7_38.jpg,"女人,夜晚,户外,春天,桜,花,手机,拍照,抬头,近摄,长发,浅色衣服"
data7_39.jpg,"女人,长发,闭眼,近摄,白色衣服,夜晚,户外,灯光,樱花,宁静,柔和灯光"
data7_4.jpg,"女人,冬天,户外,近摄,遮挡眼睛,黑色外套,蓝色围巾,喝饮料,建筑物,白色墙壁"
data7_40.jpg,"女人,夜晚,樱花,近摄,粉色毛衣,春天,树木,花朵,户外,长发,亚洲人,温柔,宁静"
data7_41.jpg,"女人,夜晚,粉色,樱花,树木,近摄,坐,长发,低头,宁静,粉色毛衣"
data7_42.jpg,"女人,长发,近摄,粉色毛衣,樱花,夜间,夜晚,花朵,春天,闻花,侧脸,温柔,宁静"
data7_43.jpg,"女人,夜晚,樱花,近摄,粉色,长发,立姿,户外,树木,灯光,春天"
data7_44.jpg,"女人,坐,近摄,春天,粉色,花朵,玫瑰,白色,裙子,可爱,宁静,户外,树木"
data7_45.jpg,"女人,坐,侧脸,温柔,春天,粉色,花朵玫瑰,近摄,户外,白色服装,街道,晴天"
data7_46.jpg,"女人,春天,户外,花朵,玫瑰花,近摄,坐,微笑,粉色,白色,可爱,休闲,长裙,针织衫"
data7_47.jpg,"女人,春天,粉色,花朵,玫瑰花,站立,侧脸,近摄,墙壁,铁栅栏,户外,宁静,浅色,白色,米色"
data7_48.jpg,"女人,春天,户外,花朵,玫瑰花,近摄,侧脸,短发,粉色,白色,温柔,宁静,休闲装"
data7_49.jpg,"女人,春天,花朵,玫瑰花,户外,晴天,白色,近摄,微笑,长裙,短袖,拿着雨伞,粉色,浪漫,可爱"
data7_5.jpg,"女人,冬季,户外,近摄,围巾,眼镜,黑色外套,晴天,侧脸,白色围栏,亚洲人"
data7_50.jpg,"女人,年轻人,花丛,粉色,玫瑰花,撑伞,短发,侧脸,近摄,春天,晴天,户外,淡雅,宁静,米色,格子衫,连衣裙"
data7_51.jpg,"女人,散步,春天,花朵,粉色,白色,裙子,近摄,玫瑰花,户外,晴天,可爱"
data7_52.jpg,"女人,近摄,特写,眼睛,花朵,粉色,肤色偏白,宁静,春天,户外"
data7_53.jpg,"女人,春天,户外,玫瑰花,花墙,白色裙子,撑伞,近摄,站立,可爱,粉色,宁静,树木,白色梯子"
data7_54.jpg,"女人,春天,户外,玫瑰花,花丛,近摄,站立,微笑,快乐,休闲,粉色,白色,短袖,针织衫,圆脸,肤色偏白"
data7_55.jpg,"女人,蓝色,长裙,户外,晴天,树木,花瓣,透明雨伞,向上看,站立,远场,浪漫,宁静"
data7_56.jpg,"女人,青色,长裙,户外,晴天,抬头,飘带,远场,蓝色天空"
data7_57.jpg,"女人,长发,蓝色连衣裙,白色鞋子,户外,木质栈道,草地,树木,夕阳,夏天,快乐,旋转,远场,近景"
data7_58.jpg,"女人,立,侧脸,傍晚,湖边,桥,夕阳,长裙,远场,宁静,蓝色,水,建筑物,绿色"
data7_59.jpg,"女人,黄昏,夕阳,湖边,码头,长发,连衣裙,站立,挥手,远场,宁静,金色,水面,栏杆"
data7_6.jpg,"女人,坐,忧郁,室内,阳光,地板,墙壁,黑色外套,白色裤子,黑色靴子,靠垫,遮挡眼睛,近摄"
data7_60.jpg,"女人,黄昏,湖边,夕阳,站在桥上,侧身,长发,举起物体,宁静,远场,水,栏杆,桥"
data7_62.jpg,"女人,长发,侧脸,跳跃,长裙,浅蓝色,黄昏,户外,宁静,远场"
data7_64.jpg,"女人,室内,近摄,抱着白猫,长发,戴发箍,绿色背景,快乐,温柔,浅蓝色衣服,宠物,特写"
data7_65.jpg,"女人,儿童猫,室内,近摄,抱着,指点,绿色背景,可爱,白色,蓝色眼睛猫,长发,发带"
data7_66.jpg,"女人,室内,近摄,猫,坐着,长发,绿色,浅蓝色服装,安静,灯光,书桌,头饰"
data7_67.jpg,"女人,白猫,室内,近摄,坐,绿色背景,浅蓝色连衣裙,晴天,快乐,温柔,头饰"
data7_68.jpg,"女人,室内,近摄,坐,抱猫,青色连衣裙,头饰,宁静,平静,白猫,绿色窗帘,书桌,室内照明"
data7_69.jpg,"女人,室内,夜晚,近摄,坐,温柔,宁静,白色猫咪,桌子,台灯,绿色窗帘,浅蓝色连衣裙,头发,头饰"
data7_7.jpg,"女人,坐,室内,近摄,走廊,阳光,木地板,黑色外套,白色裤子,黑色靴子,蓝色围巾,眼镜,宁静,冬季"
data7_70.jpg,"女人,猫,室内,夜晚,近摄,桌子,台灯,轻抚,温柔,宁静,白色,蓝色,长发,头饰"
data7_72.jpg,"女人,水族馆,海洋生物,鱼,蓝色,白色,近摄,夏天,晴天,观赏,伸展,休闲"
data7_73.jpg,"女人,水族馆,鱼,海底,观赏,近摄,伸手,白天,晴天,蓝色,紫色,快乐,女人,短发"
data7_75.jpg,"女人,青少年,水族馆,海洋生物,鲨鱼,蓝色,近摄,观赏,室内,平静,白裙子,蓝色上衣"
data7_76.jpg,"女人,青少年,水族馆,近摄,观看,触摸,快乐,蓝色,鱼,室内"
data7_8.jpg,"女人,冬天,晴天,立,黑色外套,蓝色围巾,近摄,建筑物,白色地面"
data7_82.jpg,"女人,近摄,特写,室内,红色,花朵,黑色,头带,遮挡脸部,长发,肤色偏白,可爱"
data7_83.jpg,"女人,近摄,特写,遮眼,红色,花朵,黑色,头饰,蓝色,服装,室内,快乐,宁静"
data7_84.jpg,"女人,近摄,红色花朵,黑色发带,蓝色衣服,长发,室内,晴天,特写,可爱,平静"
data7_85.jpg,"女人,年轻,近摄,特写,室内,花朵,红花,黑发,头饰,闭眼,宁静,淡色服装,白色背景"
data7_86.jpg,"女人,近摄,室内,短发,黑色发带,蓝色连衣裙,红色花朵,掐腰姿势,低头,肤色偏白,可爱,宁静"
data7_87.jpg,"女人,近摄,特写,红色,花朵非洲菊,棕色眼睛,亚洲人,遮挡脸部,室内,暗光,宁静"
data7_88.jpg,"女人,近摄,特写,室内,红色,花朵红菊花,黑色头饰,亚洲人,青年,圆脸,肤色偏白,坐着,低头,宁静,暗光"
data7_89.jpg,"女人,少女,近摄,头饰,黑发,红花,花朵,红色,室内,白色背景,侧脸,休闲,宁静,特写,蓬松袖子"
data7_9.jpg,"女人,冬天,晴天,户外,建筑物,近摄,站立,黑色外套,蓝色围巾,白色沙地,木质结构"
data7_90.jpg,"女人,年轻人,近摄,特写,室内,躺卧,头发,黑发,红色花朵,花瓣,黑色发饰,肤色偏白,圆脸,悲伤,宁静,暗光,光线,白色背景"
data7_91.jpg,"女人,坐,花朵,红色,白色,近摄,晴天,乡村,可爱,裙子,户外"
data7_92.jpg,"女人,青年,近摄,户外,城市,街道,建筑物,白天,晴天,红色,花朵非洲菊,立姿,微笑,快乐,可爱,白色服装,黑色发带,项链,耳环"
data7_93.jpg,"女人,白色,长裙,花,蓝色,绣球花,树木,森林,户外,白天,晴天,近摄,站立,宁静"
data7_94.jpg,"女人,青年,立姿,浅色系,白色连衣裙,蓝色花朵绣球花,公园,树木,户外,近摄,夏天,晴天,宁静"
data7_95.jpg,"女人,近摄,树叶,绿色,夏天,户外,宁静,抬头,白皙肤色,吊带衫,项链"
data7_96.jpg,"女人,白裙,长裙,侧身,草地,户外,夏季,绿色,远场,柳树,花朵,宁静,白天,树木"
data7_97.jpg,"女人,长裙,散步,绿色,宁静,夏季,户外,白天,远场,柳树,草地,背面,树木"
data7_98.jpg,"女人,树木,夏天,户外,绿色,白色,长裙,后背,纹身,树叶纹身,远场,宁静,自然,公园"
data7_99.jpg,"女人,长裙,白色,夏季,户外,草地,树木,宁静,低头,近摄,侧脸,花朵"
data8_10.jpg,"女人,冬天,夜晚,城市,灯光,红色,金色,白色,近摄,可爱,手持饰品,穿着红色外套,戴着毛绒帽"
data8_100.jpg,"女人,白衣,长发,坐,侧脸,宁静,水边,河流,木船,近摄,冬季,晴天,中国风,传统服装"
data8_101.jpg,"女人,长发,白色连衣裙,散步,秋天,户外,公园,道路,黄褐色,植物,远场,阳光,宁静"
data8_102.jpg,"女人,古装,白衣,冬天,户外,古建筑,庭院,站立,宁静,近摄,植物,树木,中国风"
data8_103.jpg,"女人,秋天,黄昏,户外,草原,远场,披肩,长发,侧脸,宁静,金色,植物"
data8_104.jpg,"女人,冬季,户外,湖边,亭子,坐着,长发,白衣,毛绒帽,远场,芦苇,宁静,冷色调"
data8_11.jpg,"春天,女人,情侣,站立,谈话,古装,粉色,花朵,近摄,木质结构,庭院,梅花"
data8_12.jpg,"乡村,春天,男人,练功,侧脸,白色,宁静,近摄,石桌,石磨,树木,庭院,建筑物"
data8_13.jpg,"女人,倒茶,红色,陶瓷,茶杯,近摄,户外,春天,花朵,传统服装"
data8_14.jpg,"女人,中年人,坐,室内,阅读,书籍,近摄,晴天,乡村,窗户,植物,茶具,蓝色衣服,眼镜,平静"
data8_15.jpg,"女人,森林,竹林,白色,轻纱,长裙,古装,飘逸,站立,侧脸,近摄,晴天,宁静,绿色"
data8_16.jpg,"女人,室内,夜晚,黑色,长袖,露背装,侧身,坐,椅子,深蓝色背景,近摄,优雅,性感,珠宝,发型,复古"
data8_17.jpg,"女人,白色,春天,户外,湖泊,花园,石头路,帽子,白裙,站立,远景,粉色花朵,宁静,近景"
data8_18.jpg,"女人,春天,黄花,田野,长发,白色连衣裙,近摄,侧脸,拿着花,宁静,黄色,绿色"
data8_19.jpg,"女人,春天,黄花,田野,绿色,远场,侧脸,挥手,晴天"
data8_20.jpg,"女人,年轻人,亚洲人,长发,中式服装,白色上衣,黑色半身裙,站立,手持灯笼,微笑,夜间,户外,城市,红灯笼,节日,庆祝活动,近摄,快乐,红色,黑色,白色,灯光,建筑物,植物"
data8_21.jpg,"女人,青年,近摄,特写,长发,黑发,白皙皮肤,圆脸,低头,沉思,温柔,春天,户外,花园,树木,花朵白色,白色衣服,露肩,项链"
data8_22.jpg,"女人,春天,户外,公园,树木,花朵,黄色花朵,白色花朵,长发,粉色裙子,白色上衣,立,侧脸,远场,宁静,亚洲人"
data8_23.jpg,"女人,春天,户外,湖边,樱花,粉色,古装,舞蹈,旋转,长发,淡雅,宁静,近摄,树木,水,花瓣"
data8_24.jpg,"女人,春天,户外,坐,白色,浅绿色,花,树木,草地,樱花,伞,远场,宁静"
data8_25.jpg,"女人,情侣,春天,户外,湖边,樱花,树木,古装,浅色,粉色,白色,远场,宁静,温柔"
data8_26.jpg,"女人,春天,户外,铁路,火车,粉色,长发,坐,近摄,思考,宁静,乡村,晴天,树木"
data8_27.jpg,"女人,春天,乡村,户外,粉色,长裙,立,侧脸,宁静,近摄,木栅栏,树木,花朵"
data8_28.jpg,"女人,青少年,春天,户外,花朵,白色衬衫,格子裙,校服,近摄,樱花,树木,晴天,温柔,宁静"
data8_29.jpg,"女人,白色,长裙,花田,紫色,花朵,乡村,户外,湖泊,山脉,晴天,立,侧脸,远场,篮子"
data8_3.jpg,"女人,古装,春天,粉色花朵,户外,园林,道路,白衣,金色裙子,旋转,近摄,行走"
data8_30.jpg,"女人,森林,春天,白色,花朵,站立,长发,古装,近摄,宁静,浅色,白色花朵"
data8_31.jpg,"森林,春天,女人,站立,侧脸,可爱,黄色,宁静,近摄,花朵,树木"
data8_32.jpg,"女人,古装,撑伞,近摄,户外,花园,香蕉树,白色,绿色,宁静,亚洲,传统服饰,晴天"
data8_33.jpg,"女人,古装,坐,拿着扇子,抬头,宁静,淡雅,白,绿色,近摄,园林,竹子,建筑,红色窗帘"
data8_34.jpg,"女人,古典服装,粉色,白色,绿色,树木,山脉,户外,远场,手持扇子,夏天,晴天,立姿,侧脸,宁静"
data8_35.jpg,"女人,乡村,田野,夏季,晴天,远场,散步,拿着篮子,绿色,长裙,头巾"
data8_36.jpg,"女人,夏天,晴天,户外,花朵,树木,自行车,草地,白色连衣裙,草帽,立姿,侧脸,近摄,恬静,可爱"
data8_37.jpg,"女人,坐,夏季,户外,花园,花朵,草地,休闲,宁静,白色花朵,粉色花朵,绿色,近摄,草编包,连衣裙,长发,侧脸"
data8_38.jpg,"女人,古典服饰,花田,湖泊,春天,粉色,近摄,低头,采花,宁静,女人,花朵,水边"
data8_39.jpg,"女人,近摄,特写,亚洲人,长发,黑发,盘发,花朵头饰,汉服,淡紫色服装,绣花,扇子,紫色花朵图案,户外,花园,树木,玫瑰花,春天,晴天,宁静,优雅,温柔"
data8_4.jpg,"女人,古装,淡雅,春天,花,粉色,梅花,园林,户外,白伞,近摄,立,侧脸,女人,长袍,优雅,宁静"
data8_40.jpg,"女人,夏季,户外,花田,雏菊,草地,近摄,弯腰,采摘,长发,黑发,草帽,印花长裙,黑色,白色,绿色,宁静,快乐"
data8_41.jpg,"女人,夏季,湖边,荷花,草地,蓝色连衣裙,白色帽子,提包,站立,侧脸,近摄,远场,水生植物"
data8_42.jpg,"女人,河流,乡村,夏天,晴天,立,侧脸,花朵,篮子,粉色,白色,碎花,近摄"
data8_43.jpg,"女人,乡村,草地,夏季,晴天,坐,弯腰,肤色偏白,帽子,粉色上衣,白色裙子,近摄,小麦"
data8_44.jpg,"女人,夏季,户外,湖泊,花田,粉色,长发,微笑,站立,粉色连衣裙,遮阳帽,近摄,花朵波斯菊,草地,晴天"
data8_45.jpg,"女人,青色,古装,三人,庭院,建筑物,春天,户外,站立,远场,古典,树木,花朵,栏杆"
data8_46.jpg,"女人,长发,白色连衣裙,河边,绿色植物,夏季,远场,篮子,花,散步,宁静,肤色偏白,户外"
data8_47.jpg,"女人,森林,白天,晴天,站立,微笑,长裙,白色,雕塑,骆驼,马,狗,绿色,近摄,户外"
data8_48.jpg,"室内,情侣,男人,女人,坐,弹奏乐器,传统服装,红色,白色,中亚,室内装饰,乐器,民族服装,近摄,地毯,箱子,快乐"
data8_49.jpg,"女人,坐,夏季,晴天,户外,楼梯,建筑物,帽子,眼镜,白色连衣裙,淡雅,近摄,肤色偏白,快乐"
data8_5.jpg,"女人,红色,中式服装,伞,灯笼,近摄,室内,低头,优雅,红色系,亚洲人"
data8_50.jpg,"女人,湖泊,乡村,树木,黄昏,红色,长袍,女性,站立,宁静,远场,树,水,平静,户外"
data8_51.jpg,"沙漠,沙丘,晴天,女人,站立,远场,红色,白色,长袍,草地,树木,帽子"
data8_52.jpg,"女人,山脉,峡谷,沙漠,晴天,户外,散步,白色,长裙,帽子,远场,亚洲人,肤色偏白"
data8_53.jpg,"女人,坐,抬手,远场,道路,乡村,晴天,帽子,牛仔裤,灰色上衣"
data8_54.jpg,"女人,亚洲人,灰色长裙,立,中景,晴天,户外,建筑物,楼梯,纪念馆,白建筑,花,盆栽植物"
data8_55.jpg,"女人,坐,长发,白裙,花,湖,森林,绿色,宁静,户外,夏季,近摄,树木,水,反射"
data8_56.jpg,"女人,森林,夏天,坐,宁静,绿色,近摄,木桥,裙子,中等肤色"
data8_57.jpg,"女人,成人,亚洲人,户外,河边,夏季,晴天,树木,河流,绿树成荫,近摄,站立,休闲,喝咖啡,白色帽子,白色连衣裙,牛仔马甲,红色爱心标志,I,miss,you,so,much"
data8_59.jpg,"女人,夏季,户外,花园,池塘,荷花,古装,淡雅,旗袍,手持扇子,站立,远场,绿色,粉色,白色,宁静"
data8_6.jpg,"女人,冬天,户外,近摄,触碰,粉色花朵,树枝,白色外套,毛茸茸帽子,中式服装,宁静,浅色,建筑物,雾气"
data8_60.jpg,"女人,夏天,户外,莲花池,绿色,近摄,古装,长发,坐姿,莲花叶,淡雅,宁静,中国风"
data8_61.jpg,"女人,情侣,古装,中国风,园林,亭子,荷花,夏季,户外,远场,绿色,彩色,宁静,快乐"
data8_62.jpg,"女人,坐,海边,远场,黑色,宁静,晴天,岩石,山脉,特写"
data8_63.jpg,"女人,白色,花田,橙色,秋天,散步,拿着篮子,长裙,户外,近摄,花,植物,阳光,田野"
data8_64.jpg,"女人,坐,湖边,水,石头,黑色连衣裙,长发,户外,晴天,宁静,近摄,吸烟"
data8_65.jpg,"女人,山脉,乡村,坐,远场,宁静,白色,绿色,花朵,篮子,长裙,头巾"
data8_66.jpg,"女人,山脉,乡村,夏天,晴天,站立,侧脸,白色,宁静,近摄,汽车,花朵"
data8_67.jpg,"女人,白色连衣裙,花田,橙色花朵,乡村,户外,白天,晴天,近摄,采花,篮子,长发,女人,宁静,站立"
data8_68.jpg,"女人,山脉,秋天,傍晚,户外,远场,站立,侧脸,长裙,黄色,花朵,宁静,田园风光"
data8_69.jpg,"女人,黑色,立,侧脸,古建筑,石阶,绿色植物,远场,夏天,宁静"
data8_7.jpg,"女人,坐,春天,公园,树木,石头,水,雾,粉色花朵,白色帽子,浅色服装,宁静,近摄,远场,户外"
data8_70.jpg,"女人,夏季,户外,粉色,连衣裙,露背,宁静,远场,湖泊,荷花,木栏杆,侧脸"
data8_71.jpg,"女人,黄色,长发,连衣裙,户外,站立,侧脸,近摄,城市,晴天,建筑物"
data8_72.jpg,"女人,夏季,晴天,向日葵田,近摄,白色连衣裙,站立,拿着向日葵,棕色头发,户外,绿色,黄色"
data8_73.jpg,"儿童,女人,近摄,户外,晴天,拍照,建筑物,棕色,女孩,立姿"
data8_74.jpg,"女人,儿童,坐,微笑,古装,蓝色,户外,花园,楼梯,灯笼,植物,中国风,近摄,亚洲,古建筑,晴天"
data8_75.jpg,"女人,长发,白色连衣裙,坐,微笑,草帽,户外,河边,桥,夏季,远场,宁静,绿色植物,浅色,自然,阳光,休闲"
data8_76.jpg,"女人,汉服,长发,河流,岩石,坐姿,提灯笼,户外,宁静,夏天,傍晚,近摄,浅色,绿色,白色"
data8_77.jpg,"女人,演奏,钢琴,黑裙,长手套,室内,灯光,夜晚,优雅,宁静,近摄,特写,乐器,黑色,华丽,古典,舞台,音乐会"
data8_78.jpg,"女人,古装,坐,侧脸,宁静,户外,河边,岩石,水,粉色,白色,绿色,近摄,花朵,夏天"
data8_79.jpg,"女人,坐,宁静,河流,桥梁,森林,绿色,夏季,户外,远场,岩石"
data8_8.jpg,"女人,坐,室内,近摄,晴天,白色,亚洲人,长发,中式服装,艺术馆,书法,宁静,光线,白色背景,长裤"
data8_80.jpg,"女人,森林,夏天,晴天,立,低头,肤色偏白,绿色,宁静,近摄,草,树木"
data8_81.jpg,"长城,女人,古装,站立,侧脸,晴天,夏季,远场,山脉,绿色,建筑物,白色"
data8_82.jpg,"秋天,森林,女人,长发,白裙,侧身,伸手,远场,黄叶,宁静,金色,绿色"
data8_83.jpg,"女人,秋天,长发,白色服装,古装,户外,森林,树木,白桦树,远场,宁静,站立,侧脸,长裙"
data8_84.jpg,"女人,白衣,散步,晴天,夏季,城市,道路,树木,花朵,透明雨伞,近摄,长发,白色服装,细高跟鞋"
data8_85.jpg,"女人,夏季,户外,公园,树木,花朵,指示牌,街道,白裙子,书本,手提包,站立,侧脸,肤色偏白,近摄,宁静"
data8_86.jpg,"女人,乡村,坐,晴天,秋天,长发,草帽,白色连衣裙,棕色马甲,近摄,石阶,编织包,田野,绿色植物"
data8_87.jpg,"女人,年轻人,室内,茶馆,亚洲人,沏茶,倒茶,茶具,茶杯,工作,娴熟,专注,近摄,室内灯光,浅色衣服,长发,黑发,中式服装,平静,宁静"
data8_88.jpg,"女人,黄色,花田,绿色,夏季,晴天,坐,闭眼,放松,近摄,特写"
data8_89.jpg,"女人,秋天,山脉,乡村,柿子,水果,树木,近摄,立,穿着汉服,户外,晴天,橘色,黄色,白色"
data8_9.jpg,"女人,室内,坐,读,近摄,帽子,服装,古典,休闲,宁静,椅子,窗帘,书刊"
data8_90.jpg,"女人,乡村,秋天,立,侧脸,肤色偏白,黄色,红色,宁静,近摄,玉米,辣椒,大蒜,篮子,扇子"
data8_91.jpg,"女人,红色,古建筑,乡村,远场,行走,长裙,背影"
data8_92.jpg,"女人,近摄,户外,湖边,秋天,晴天,戴帽子,戴围巾,红色衣服,黑色半身裙,闭眼,微笑,宁静"
data8_93.jpg,"女人,坐,森林,吊桥,帽子,围巾,长靴,远场,绿色,宁静"
data8_94.jpg,"女人,吸烟,站立,棕色皮夹克,蓝色短裙,高筒靴,室内,竹墙,暗色调,近摄,侧脸"
data8_95.jpg,"女人,女人,情侣,坐,河流,夜晚,灯光,古装,宁静,近摄,石头,亚洲人,长发"
data8_97.jpg,"秋天,女人,立,远场,黄色,白色,乡村,树木银杏树,街道,长外套,黄裙子,宁静"
data8_98.jpg,"秋天,公园,户外,女人,男人,情侣,坐,跪,侧脸,抬头,长发,白色衣服,近摄,摄影师,相机,树叶,阳光,宁静,浪漫"
data8_99.jpg,"秋天,森林,女人,散步,棕色,黄色,白色,中景,树木,落叶,步道,石阶"
data9_10.jpg,"女人,近摄,特写,长发,黑发,红色嘴唇,室内,白色背景,项链,链条,金属球,肤色偏白,圆脸,低头,玩弄头发"
data9_11.jpg,"女人,近摄,特写,室内,闭眼,微笑,快乐,红色口红,黑色服装,长发,黑色头发,项链,肤色偏白,圆脸"
data9_12.jpg,"女人,室内,近摄,坐,黑衣,长发,项链,眼镜,肤色偏白,宁静"
data9_13.jpg,"女人,近摄,室内,黑衣,长发,眼镜,项链,坐,侧脸,黄光,宁静,暗色调,黑色眼镜,彩色"
data9_14.jpg,"女人,黑色,长发,春天,户外,公园,树,树根,近摄,站立,宁静,绿色,黑色服装"
data9_15.jpg,"女人,黑衣,森林,春天,树木,树根,触摸,立,远场,绿色,宁静"
data9_16.jpg,"女人,长发,紫色头发,侧脸,近摄,耳饰,黑色衣服,晴天,户外,都市"
data9_17.jpg,"女人,青少年,站立,侧脸,白色上衣,蓝色裤子,手提包,乡村,草地,田地,远场,晴天,绿色,白色,蓝色"
data9_18.jpg,"女人,青少年,坐,侧脸,近摄,户外,草地,晴天,白色,蓝色,校服,运动裤,休闲"
data9_19.jpg,"女人,室内,紫色背景,黑色连衣裙,站立,半身照,近摄,平静,直视镜头,长发"
data9_20.jpg,"女人,躺卧,室内,紫色背景,黑色连衣裙,近摄,侧脸,宁静,暗色调"
data9_21.jpg,"女人,夜晚,城市,灯光,近摄,长发,侧脸,安静,紫色衣服,白色外套,栏杆"
data9_22.jpg,"女人,夜晚,户外,庭院,植物,灯光,坐,侧脸,思考,忧郁,手扶头发,近摄,酒瓶,灰色背心,亚洲人,灯光装饰"
data9_23.jpg,"女人,青少年,城市,街道,雨天,户外,立,抬头,玩耍,休闲,条纹衫,牛仔裙,运动鞋,透明雨伞,近摄"
data9_24.jpg,"女人,青少年,微笑,短发,刘海,户外,城市,街道,下雨,彩色,条纹衬衫,近摄,可爱,快乐,站立,挥手"
data9_25.jpg,"女人,近摄,特写,室内,黑色眼镜,长发,棕色头发,红唇,低头,侧脸,性感,肤色偏白,项链,装饰品"
data9_26.jpg,"女人,近摄,长发,黑色衣服,室内,夜晚,车内,灯光,侧脸,妩媚"
data9_27.jpg,"女人,白裙,下雨,户外,公园,近摄,抬头,侧脸,青春,宁静,白色,绿色"
data9_28.jpg,"女人,白色,短袖连衣裙,草地,户外,夏天,晴天,坐姿,近摄,侧脸,可爱,纸蜻蜓"
data9_29.jpg,"女人,少女,近摄,特写,室内,红色,白色,条纹,编发,眨眼,俏皮,快乐,圣诞节,新年,金色,装饰,卡通图案,衣服,短袖T恤"
data9_3.jpg,"女人,猫,森林,户外,秋天,抱着,近摄,棕色,外套,动物"
data9_30.jpg,"女人,青少年,红色,白色,条纹,短裤,休闲,雨伞,城市,街道,雨天,户外,微笑,快乐,跳跃,双马尾,近摄,中景"
data9_31.jpg,"女人,年轻人,侧脸,抬头,粉色,旗袍,手持扇子,花朵图案,户外,建筑物,树木,近摄,夏天,晴天"
data9_33.jpg,"女人,旗袍,粉色,雨天,户外,近摄,手持扇子,侧脸,立姿,水边,长发,优雅,宁静"
data9_34.jpg,"女人,青年人,立,侧脸,白色上衣,黑色裙子,拿着扇子,中式服装,古建筑,红色建筑,晴天,户外,远场"
data9_35.jpg,"女人,坐,公园,湖泊,夏季,晴天,户外,近摄,浅蓝色连衣裙,白色包包,眼镜,圆脸,可爱,宁静"
data9_36.jpg,"夏天,森林,女人,散步,浅蓝色,长裙,远场,树木,白天,晴天,户外"
data9_37.jpg,"女人,青少年,近摄,头戴式耳机,黑发,刘海,星星发饰,侧脸,沉思,宁静,室内,浅色系,制服,学校制服"
data9_38.jpg,"冬天,下雪,女人,青少年,祈祷,海军制服,耳机,圣诞树,近摄,户外,白色,黑色"
data9_39.jpg,"女人,青少年,近摄,户外,森林,白天,晴天,侧脸,蓝色,牛仔外套,毛领,绿色,树木"
data9_4.jpg,"女人,室内,近摄,站立,侧脸,棕色衣服,牛仔裤,靴子,宠物猫,白色墙壁,平静,休闲"
data9_40.jpg,"女人,森林,户外,春天,晴天,近摄,微笑,粉色,灰色,长发,立,遮阳"
data9_41.jpg,"女人,猫,公园,户外,树木,棕色衣服,长发,近摄,思考,晴天,宠物,动物,橘猫,白色,坐着"
data9_42.jpg,"女人,青少年,立,远场,乡村,晴天,白色,白色衬衫,伞,绿色植物"
data9_43.jpg,"女人,青少年,户外,街道,城市,白天,晴天,近摄,红白条纹衫,帽子,双马尾,可爱,休闲"
data9_44.jpg,"女人,短发,墨镜,黑衣,短裤,黑丝袜,手提杯子,步行,室内,停车场,汽车,柱子,路灯,近摄,彩色"
data9_45.jpg,"女人,室内,近摄,躺卧,低头,黑色衣服,长发,蜡烛,黄色灯光,悲伤,宁静"
data9_47.jpg,"女人,坐,室内,近摄,黑衣,黑色裤子,眼镜,黄光,项链,肤色偏白,宁静,暗光,金属椅子"
data9_48.jpg,"女人,室内,近摄,侧脸,长发,低头,红唇,黄色花朵,向日葵,宁静,彩色"
data9_49.jpg,"女人,夏天,下雨,公园,湖泊,树木,近摄,侧脸,拿着扇子,粉色旗袍,优雅,宁静"
data9_5.jpg,"女人,花,近摄,室内,浅色,白色,黄色,温柔,宁静,花束,建筑物,长发"
data9_50.jpg,"女人,青色,连衣裙,近摄,站立,侧脸,平静,水边,建筑物,晴天,城市,远场,湖泊,栏杆"
data9_52.jpg,"女人,年轻,近摄,半身照,遮面,古典服饰,扇子,中式建筑,屋顶,黄色,晴天,室外"
data9_6.jpg,"女人,青少年,抬头,近摄,户外,森林,蝴蝶,蓝色,宁静,白天,长发,浅色肤色"
data9_7.jpg,"女人,儿童,近摄,特写,彩色,糖果,白色衬衫,格裙,秋天,户外,涂鸦墙,低头,可爱"
data9_8.jpg,"女人,近摄,特写,黑色的墨镜,黑色衣服,黑色蕾丝项圈,金色项链,圆脸,肤色偏白,室内,低头,打电话"
data9_9.jpg,"女人,室内,近摄,吸烟,短发,墨镜,黑色西装,黑色丝袜,项链,手镯,戒指,坐姿,平静,暗色调,桌子,灯光"
data_10.jpg,"女人,夜晚,城市,户外,近摄,坐,抬头,侧脸,休闲,彩虹色,毛衣,灯光,建筑物,快乐"
data_11.jpg,"女人,近摄,夜间,城市,灯光,街道,彩色,彩虹色,毛衣,侧脸,亚洲人,20-30岁"
data_12.jpg,"女人,夜晚,城市,灯光,桥梁,近摄,彩色,黄色,绿色,紫色,彩虹色,长发,坐着,低头,毛衣,休闲"
data_13.jpg,"女人,近摄,室内,彩色,毛衣,长发,低头,可爱,黄色,粉色,绿色,蓝色"
data_14.jpg,"女人,夜晚,城市夜景,近摄,依靠,侧脸,彩色,长发,毛衣,灯光,桥梁"
data_15.jpg,"女人,近摄,室内,夜晚,彩色,黄色,紫色,绿色,毛衣,提包,长发,侧脸,灯光"
data_16.jpg,"女人,青年,长发,侧脸,倚靠,汽车,蓝色汽车,街道,都市,彩色,彩虹色,毛衣,近摄,晴天"
data_17.jpg,"女人,长发,侧脸,近摄,彩色,彩虹色,毛衣,城市,建筑物,户外,晴天,女人,时尚,休闲"
data_18.jpg,"女人,近摄,特写,侧脸,沉思,休闲,户外,车内,彩色,紫色,绿色,黄色,橙色,毛衣,长发,耳环"
data_19.jpg,"女人,近摄,特写,室内,彩色,彩虹色,毛衣,长发,低头,侧脸,肤色偏白,汽车,车门"
data_2.jpg,"女人,近摄,夜晚,城市,灯光,彩色,彩虹色,毛衣,微笑,侧脸,灯光,建筑物"
data_20.jpg,"女人,近摄,特写,彩色,长发,户外,晴天,汽车,彩虹色毛衣,侧脸,年轻"
data_21.jpg,"女人,近摄,彩色,彩虹色,条纹,毛衣,汽车,户外,晴天,立姿,时尚"
data_3.jpg,"女人,近摄,特写,城市,户外,彩色,彩虹色,毛衣,长发,侧脸,温柔,休闲,自动售货机,街道,白天"
data_4.jpg,"女人,年轻人,近摄,特写,室内,城市,夜晚,灯光,彩色,彩虹色,毛衣,手持物体,快乐,低头,侧脸"
data_5.jpg,"女人,近摄,室内,夜晚,彩色,彩虹色,毛衣,低头,长发,肤色偏白,可爱"
data_6.jpg,"女人,近摄,特写,室内,年轻,长发,棕色头发,圆脸,肤色偏白,彩色,黄色,紫色,绿色,毛衣,休闲,温柔,宁静,低头,手扶脸颊,耳环"
data_7.jpg,"女人,青年人,近摄,特写,室内,夜晚,灯光,彩色,彩虹色,毛衣,竖构图,挥手,微笑,侧脸,时尚"
data_8.jpg,"女人,室内,近摄,长发,微笑,坐着,彩色,彩虹色,毛衣,灯光,快乐,肤色偏白"
data_9.jpg,"女人,近摄,夜晚,城市,灯光,街道,户外,休闲,彩色,彩虹色,毛衣,微笑,侧脸,灯光,特写"
